datetime,open,close
2023-01-20 09:10:00,1965,1965
2023-01-20 09:15:00,1965.7,1998.1
2023-01-20 09:20:00,1997.5,1988.2
2023-01-20 09:25:00,1990,1980.05
2023-01-20 09:30:00,1978.2,1980
2023-01-20 09:35:00,1980,1979.95
2023-01-20 09:40:00,1979.95,1986.7
2023-01-20 09:45:00,1987.3,1984
2023-01-20 09:50:00,1982.65,1981.45
2023-01-20 09:55:00,1981.95,1979.55
2023-01-20 10:00:00,1978.8,1980.8
2023-01-20 10:05:00,1979.5,1975.3
2023-01-20 10:10:00,1975,1977
2023-01-20 10:15:00,1977,1975
2023-01-20 10:20:00,1975,1968.6
2023-01-20 10:25:00,1968.55,1967.9
2023-01-20 10:30:00,1966.5,1963.05
2023-01-20 10:35:00,1963,1963.35
2023-01-20 10:40:00,1963.4,1965
2023-01-20 10:45:00,1964.35,1972.2
2023-01-20 10:50:00,1972.25,1967.9
2023-01-20 10:55:00,1967.9,1964.5
2023-01-20 11:00:00,1964,1962.95
2023-01-20 11:05:00,1962.5,1964.1
2023-01-20 11:10:00,1964.5,1966.6
2023-01-20 11:15:00,1965.7,1964.95
2023-01-20 11:20:00,1964.6,1966
2023-01-20 11:25:00,1965.65,1967.05
2023-01-20 11:30:00,1968.1,1967
2023-01-20 11:35:00,1966.3,1965.65
2023-01-20 11:40:00,1965.25,1965.2
2023-01-20 11:45:00,1965.9,1966.5
2023-01-20 11:50:00,1967.5,1968.25
2023-01-20 11:55:00,1968.15,1963.55
2023-01-20 12:00:00,1964,1963.8
2023-01-20 12:05:00,1963.95,1965
2023-01-20 12:10:00,1964.85,1965.85
2023-01-20 12:15:00,1965.9,1965
2023-01-20 12:20:00,1964,1968.95
2023-01-20 12:25:00,1968.25,1976
2023-01-20 12:30:00,1975.3,1976
2023-01-20 12:35:00,1976,1982
2023-01-20 12:40:00,1982,1984
2023-01-20 12:45:00,1983.25,1990.95
2023-01-20 12:50:00,1990.05,1993
2023-01-20 12:55:00,1992.05,1993.8
2023-01-20 13:00:00,1993.95,1990.5
2023-01-20 13:05:00,1990.5,1990
2023-01-20 13:10:00,1990,1992
2023-01-20 13:15:00,1992.8,1990.4
2023-01-20 13:20:00,1990.4,1991.3
2023-01-20 13:25:00,1991.25,1990.45
2023-01-20 13:30:00,1990.05,1991.85
2023-01-20 13:35:00,1991.3,1994.7
2023-01-20 13:40:00,1994.15,1991.35
2023-01-20 13:45:00,1990.5,1990
2023-01-20 13:50:00,1990.8,1990.95
2023-01-20 13:55:00,1990.2,1989
2023-01-20 14:00:00,1989,1985.2
2023-01-20 14:05:00,1985.75,1981.45
2023-01-20 14:10:00,1982,1981.1
2023-01-20 14:15:00,1982,1984.35
2023-01-20 14:20:00,1984.05,1983.25
2023-01-20 14:25:00,1983.8,1984
2023-01-20 14:30:00,1984.2,1981.8
2023-01-20 14:35:00,1981.8,1982.05
2023-01-20 14:40:00,1983,1983.9
2023-01-20 14:45:00,1983.5,1984
2023-01-20 14:50:00,1984.7,1987.05
2023-01-20 14:55:00,1986.95,1982.9
2023-01-20 15:00:00,1982.8,1984.05
2023-01-20 15:05:00,1983,1971
2023-01-20 15:10:00,1971,1979.4
2023-01-20 15:15:00,1979.8,1977.25
2023-01-20 15:20:00,1978,1979.1
2023-01-20 15:25:00,1979.35,1973.35
2023-01-20 15:30:00,1973.35,1972
2023-01-20 15:40:00,1975.6,1975.6
2023-01-20 15:45:00,1975.6,1975.6
2023-01-20 15:50:00,1975.6,1975.6
2023-01-20 15:55:00,1975.6,1975.6
2023-01-20 16:00:00,1975.6,1975.6
2023-01-23 09:10:00,1986.7,1986.7
2023-01-23 09:15:00,1980.35,2005
2023-01-23 09:20:00,2006.85,2000.5
2023-01-23 09:25:00,2000.6,1989.95
2023-01-23 09:30:00,1988.9,1986.85
2023-01-23 09:35:00,1986.8,1992.9
2023-01-23 09:40:00,1993.45,1988.55
2023-01-23 09:45:00,1988.45,1987.5
2023-01-23 09:50:00,1987.5,1987.5
2023-01-23 09:55:00,1987.8,1985.1
2023-01-23 10:00:00,1985.5,1982.85
2023-01-23 10:05:00,1982.85,1976
2023-01-23 10:10:00,1975,1973.95
2023-01-23 10:15:00,1973.95,1974
2023-01-23 10:20:00,1972.2,1972.7
2023-01-23 10:25:00,1973.65,1967.85
2023-01-23 10:30:00,1967.85,1964.25
2023-01-23 10:35:00,1964.65,1963
2023-01-23 10:40:00,1962.1,1963.15
2023-01-23 10:45:00,1963.35,1964.65
2023-01-23 10:50:00,1965,1958.65
2023-01-23 10:55:00,1958.75,1959.95
2023-01-23 11:00:00,1959.5,1954.2
2023-01-23 11:05:00,1954.15,1955.2
2023-01-23 11:10:00,1956.4,1958
2023-01-23 11:15:00,1958,1956.05
2023-01-23 11:20:00,1956.7,1961.9
2023-01-23 11:25:00,1961.85,1966.95
2023-01-23 11:30:00,1966.95,1965.45
2023-01-23 11:35:00,1965,1965.95
2023-01-23 11:40:00,1965.5,1965.95
2023-01-23 11:45:00,1965.95,1965.65
2023-01-23 11:50:00,1965.6,1961
2023-01-23 11:55:00,1961.45,1960
2023-01-23 12:00:00,1960.65,1960.6
2023-01-23 12:05:00,1960.55,1961.3
2023-01-23 12:10:00,1962.15,1957.25
2023-01-23 12:15:00,1956.15,1962.85
2023-01-23 12:20:00,1961.05,1958
2023-01-23 12:25:00,1958,1960.2
2023-01-23 12:30:00,1960.2,1963.5
2023-01-23 12:35:00,1963.25,1963.1
2023-01-23 12:40:00,1963,1961.15
2023-01-23 12:45:00,1961.6,1961.95
2023-01-23 12:50:00,1961.05,1960.65
2023-01-23 12:55:00,1960.65,1961.35
2023-01-23 13:00:00,1961,1961.15
2023-01-23 13:05:00,1961.15,1957.05
2023-01-23 13:10:00,1958,1958.5
2023-01-23 13:15:00,1959,1962.35
2023-01-23 13:20:00,1962.25,1961.15
2023-01-23 13:25:00,1960.2,1962.8
2023-01-23 13:30:00,1962.3,1964.2
2023-01-23 13:35:00,1964.8,1964
2023-01-23 13:40:00,1964,1965.55
2023-01-23 13:45:00,1965.4,1965
2023-01-23 13:50:00,1965.15,1962.25
2023-01-23 13:55:00,1963.1,1964.65
2023-01-23 14:00:00,1965,1963.8
2023-01-23 14:05:00,1963.8,1962.4
2023-01-23 14:10:00,1962.4,1960.55
2023-01-23 14:15:00,1960.55,1961.45
2023-01-23 14:20:00,1960.4,1961.65
2023-01-23 14:25:00,1961.9,1960.05
2023-01-23 14:30:00,1960.15,1962
2023-01-23 14:35:00,1960.9,1959.45
2023-01-23 14:40:00,1961.65,1957
2023-01-23 14:45:00,1956.5,1958.7
2023-01-23 14:50:00,1958.55,1959.55
2023-01-23 14:55:00,1959.55,1941.25
2023-01-23 15:00:00,1938.6,1941.5
2023-01-23 15:05:00,1942.85,1939.7
2023-01-23 15:10:00,1938.4,1939.8
2023-01-23 15:15:00,1939.85,1933
2023-01-23 15:20:00,1932.25,1930.1
2023-01-23 15:25:00,1930.6,1921.1
2023-01-23 15:30:00,1921.15,1931.85
2023-01-23 15:40:00,1931.85,1931.85
2023-01-23 15:45:00,1931.85,1931.85
2023-01-23 15:50:00,1931.85,1931.85
2023-01-23 15:55:00,1931.85,1931.85
2023-01-23 16:00:00,1931.85,1931.85
2023-01-24 09:10:00,1948.9,1948.9
2023-01-24 09:15:00,1948.35,1963.5
2023-01-24 09:20:00,1961.9,1949.05
2023-01-24 09:25:00,1947.35,1944.4
2023-01-24 09:30:00,1945.3,1939.9
2023-01-24 09:35:00,1939,1925
2023-01-24 09:40:00,1924.1,1924.8
2023-01-24 09:45:00,1924.8,1924.95
2023-01-24 09:50:00,1924.95,1926.85
2023-01-24 09:55:00,1926.7,1922.2
2023-01-24 10:00:00,1922.95,1923.95
2023-01-24 10:05:00,1922.85,1921.25
2023-01-24 10:10:00,1921,1913
2023-01-24 10:15:00,1913,1916.1
2023-01-24 10:20:00,1916.1,1915.5
2023-01-24 10:25:00,1915.5,1921
2023-01-24 10:30:00,1920.25,1920.9
2023-01-24 10:35:00,1922,1918.05
2023-01-24 10:40:00,1919.3,1919.9
2023-01-24 10:45:00,1919.9,1922.65
2023-01-24 10:50:00,1922.65,1920.5
2023-01-24 10:55:00,1920.95,1921.05
2023-01-24 11:00:00,1921.5,1922.7
2023-01-24 11:05:00,1922.85,1927
2023-01-24 11:10:00,1927,1926.1
2023-01-24 11:15:00,1926.15,1922.95
2023-01-24 11:20:00,1921.6,1918.55
2023-01-24 11:25:00,1919.6,1920.8
2023-01-24 11:30:00,1920.9,1919.7
2023-01-24 11:35:00,1919.7,1919
2023-01-24 11:40:00,1917.7,1918.5
2023-01-24 11:45:00,1918.5,1917
2023-01-24 11:50:00,1917.85,1917.25
2023-01-24 11:55:00,1917.25,1915.1
2023-01-24 12:00:00,1915.15,1915.2
2023-01-24 12:05:00,1914.55,1916.05
2023-01-24 12:10:00,1916.95,1918.6
2023-01-24 12:15:00,1919.5,1920
2023-01-24 12:20:00,1919.55,1921.3
2023-01-24 12:25:00,1921.3,1919
2023-01-24 12:30:00,1919,1917.85
2023-01-24 12:35:00,1917,1919
2023-01-24 12:40:00,1919.5,1918.65
2023-01-24 12:45:00,1918.65,1918.05
2023-01-24 12:50:00,1918.15,1917.95
2023-01-24 12:55:00,1918,1920.5
2023-01-24 13:00:00,1920.45,1920.6
2023-01-24 13:05:00,1920.65,1919.4
2023-01-24 13:10:00,1919.7,1920.5
2023-01-24 13:15:00,1920.5,1920.2
2023-01-24 13:20:00,1920.25,1921.8
2023-01-24 13:25:00,1921.8,1920.95
2023-01-24 13:30:00,1920.2,1920.95
2023-01-24 13:35:00,1920.25,1919.5
2023-01-24 13:40:00,1918.55,1915.8
2023-01-24 13:45:00,1916,1915.05
2023-01-24 13:50:00,1914,1913.05
2023-01-24 13:55:00,1913.9,1916
2023-01-24 14:00:00,1916.35,1915.75
2023-01-24 14:05:00,1915.5,1919
2023-01-24 14:10:00,1918.2,1917.55
2023-01-24 14:15:00,1918.35,1917.65
2023-01-24 14:20:00,1917.65,1919
2023-01-24 14:25:00,1918,1921.6
2023-01-24 14:30:00,1921.75,1919
2023-01-24 14:35:00,1919.5,1921.9
2023-01-24 14:40:00,1921.95,1920.95
2023-01-24 14:45:00,1921,1921
2023-01-24 14:50:00,1921,1922.8
2023-01-24 14:55:00,1922.8,1925.4
2023-01-24 15:00:00,1925,1929.1
2023-01-24 15:05:00,1929.45,1924.05
2023-01-24 15:10:00,1923,1922
2023-01-24 15:15:00,1922.5,1909.1
2023-01-24 15:20:00,1908.45,1913.65
2023-01-24 15:25:00,1913.65,1909.6
2023-01-24 15:30:00,1909.6,1910.45
2023-01-24 15:40:00,1916.8,1916.8
2023-01-24 15:45:00,1916.8,1916.8
2023-01-24 15:50:00,1916.8,1916.8
2023-01-24 15:55:00,1916.8,1916.8
2023-01-25 09:10:00,1900,1900
2023-01-25 09:15:00,1898,1899.75
2023-01-25 09:20:00,1900.4,1890
2023-01-25 09:25:00,1889.75,1894
2023-01-25 09:30:00,1894,1891.95
2023-01-25 09:35:00,1891.95,1890.9
2023-01-25 09:40:00,1890.85,1884
2023-01-25 09:45:00,1884,1878.9
2023-01-25 09:50:00,1878,1883.8
2023-01-25 09:55:00,1883.95,1875.55
2023-01-25 10:00:00,1876.15,1878.9
2023-01-25 10:05:00,1878.8,1874.85
2023-01-25 10:10:00,1874.05,1870.95
2023-01-25 10:15:00,1869.75,1874.05
2023-01-25 10:20:00,1874.85,1872.75
2023-01-25 10:25:00,1873,1876.2
2023-01-25 10:30:00,1877.3,1869.7
2023-01-25 10:35:00,1869.15,1874
2023-01-25 10:40:00,1874.2,1873.15
2023-01-25 10:45:00,1873.1,1880.9
2023-01-25 10:50:00,1880.05,1883.4
2023-01-25 10:55:00,1883,1883.05
2023-01-25 11:00:00,1884.9,1883.8
2023-01-25 11:05:00,1884.5,1884.5
2023-01-25 11:10:00,1884.45,1884.5
2023-01-25 11:15:00,1884.3,1884.9
2023-01-25 11:20:00,1884.9,1883
2023-01-25 11:25:00,1883,1883.05
2023-01-25 11:30:00,1883.05,1883.85
2023-01-25 11:35:00,1883.55,1882.35
2023-01-25 11:40:00,1882.2,1880.05
2023-01-25 11:45:00,1880.05,1877.7
2023-01-25 11:50:00,1877.9,1869.7
2023-01-25 11:55:00,1870,1867
2023-01-25 12:00:00,1866.9,1857.9
2023-01-25 12:05:00,1858.55,1863.45
2023-01-25 12:10:00,1863.45,1860
2023-01-25 12:15:00,1860,1858.8
2023-01-25 12:20:00,1858.75,1854.4
2023-01-25 12:25:00,1853.35,1852.15
2023-01-25 12:30:00,1851.05,1848.85
2023-01-25 12:35:00,1848.85,1852.7
2023-01-25 12:40:00,1852,1850.25
2023-01-25 12:45:00,1849.8,1849.5
2023-01-25 12:50:00,1849.35,1857.95
2023-01-25 12:55:00,1858,1856
2023-01-25 13:00:00,1856.6,1852.25
2023-01-25 13:05:00,1852.45,1853.75
2023-01-25 13:10:00,1852.85,1848.05
2023-01-25 13:15:00,1848.05,1848.5
2023-01-25 13:20:00,1849.5,1846.35
2023-01-25 13:25:00,1846.3,1848.8
2023-01-25 13:30:00,1848,1849.25
2023-01-25 13:35:00,1849.2,1852.95
2023-01-25 13:40:00,1852,1849.8
2023-01-25 13:45:00,1850.8,1855
2023-01-25 13:50:00,1855.2,1849.35
2023-01-25 13:55:00,1849.45,1847.45
2023-01-25 14:00:00,1847.45,1847.5
2023-01-25 14:05:00,1847.5,1849.25
2023-01-25 14:10:00,1850,1851.7
2023-01-25 14:15:00,1852.85,1847.15
2023-01-25 14:20:00,1848.05,1849
2023-01-25 14:25:00,1850.1,1851.2
2023-01-25 14:30:00,1851,1850.9
2023-01-25 14:35:00,1851,1849.05
2023-01-25 14:40:00,1848.5,1847.65
2023-01-25 14:45:00,1848.55,1847
2023-01-25 14:50:00,1846.05,1841.4
2023-01-25 14:55:00,1841.05,1845.25
2023-01-25 15:00:00,1846.3,1860
2023-01-25 15:05:00,1859.25,1851.6
2023-01-25 15:10:00,1851.3,1851
2023-01-25 15:15:00,1851,1848.9
2023-01-25 15:20:00,1849.75,1861
2023-01-25 15:25:00,1860.5,1875.35
2023-01-25 15:30:00,1875,1857.8
2023-01-25 15:45:00,1857.8,1857.8
2023-01-25 15:50:00,1857.8,1857.8
2023-01-25 15:55:00,1857.8,1857.8
2023-01-25 16:00:00,1857.8,1857.8
2023-01-27 09:10:00,1780,1780
2023-01-27 09:15:00,1783.3,1755.1
2023-01-27 09:20:00,1752.55,1616.25
2023-01-27 09:25:00,1615.7,1611.75
2023-01-27 09:30:00,1608,1631.85
2023-01-27 09:35:00,1633,1672.8
2023-01-27 09:40:00,1669.6,1684.9
2023-01-27 09:45:00,1682.6,1711.2
2023-01-27 09:50:00,1709.05,1677
2023-01-27 09:55:00,1675.85,1672.05
2023-01-27 10:00:00,1673.7,1681.2
2023-01-27 10:05:00,1680.2,1676.05
2023-01-27 10:10:00,1677,1673.5
2023-01-27 10:15:00,1674.8,1648
2023-01-27 10:20:00,1649.35,1650
2023-01-27 10:25:00,1650,1652.95
2023-01-27 10:30:00,1651.35,1644.65
2023-01-27 10:35:00,1644,1627.9
2023-01-27 10:40:00,1627.95,1625
2023-01-27 10:45:00,1625,1610
2023-01-27 10:50:00,1605.35,1610
2023-01-27 10:55:00,1608.45,1617
2023-01-27 11:00:00,1616.65,1601.1
2023-01-27 11:05:00,1602,1598
2023-01-27 11:10:00,1597.75,1579.1
2023-01-27 11:15:00,1577,1575.15
2023-01-27 11:20:00,1577.45,1576
2023-01-27 11:25:00,1575.15,1570.9
2023-01-27 11:30:00,1570.65,1576.5
2023-01-27 11:35:00,1576.45,1581.9
2023-01-27 11:40:00,1582.45,1583
2023-01-27 11:45:00,1582.85,1493.8
2023-01-27 11:50:00,1494.1,1496.35
2023-01-27 11:55:00,1495,1496
2023-01-27 12:00:00,1498.15,1489.85
2023-01-27 12:05:00,1489.85,1510.05
2023-01-27 12:10:00,1509,1495.15
2023-01-27 12:15:00,1495.15,1497.5
2023-01-27 12:20:00,1497.45,1494
2023-01-27 12:25:00,1494.2,1494
2023-01-27 12:30:00,1494,1486.25
2023-01-27 12:35:00,1486.25,1486.25
2023-01-27 12:40:00,1486.25,1486.25
2023-01-27 12:45:00,1486.25,1486.25
2023-01-27 12:50:00,1486.25,1486.25
2023-01-27 12:55:00,1486.25,1486.25
2023-01-27 13:00:00,1486.25,1486.25
2023-01-27 13:05:00,1486.25,1486.25
2023-01-27 13:10:00,1486.25,1486.25
2023-01-27 13:15:00,1486.25,1486.25
2023-01-27 13:20:00,1486.25,1486.25
2023-01-27 13:25:00,1486.25,1486.25
2023-01-27 13:30:00,1486.25,1486.25
2023-01-27 13:35:00,1486.25,1486.25
2023-01-27 13:40:00,1486.25,1486.25
2023-01-27 13:45:00,1486.25,1486.25
2023-01-27 13:50:00,1486.25,1492.15
2023-01-27 13:55:00,1493.8,1504
2023-01-27 14:00:00,1507,1513
2023-01-27 14:05:00,1513,1497.4
2023-01-27 14:10:00,1497.4,1486.25
2023-01-27 14:15:00,1486.25,1486.25
2023-01-27 14:20:00,1486.25,1486.25
2023-01-27 14:25:00,1486.25,1486.25
2023-01-27 14:30:00,1486.25,1486.25
2023-01-27 14:35:00,1486.25,1486.25
2023-01-27 14:40:00,1486.25,1486.25
2023-01-27 14:45:00,1486.25,1486.25
2023-01-27 14:50:00,1486.25,1486.25
2023-01-27 14:55:00,1486.25,1486.25
2023-01-27 15:00:00,1486.25,1486.25
2023-01-27 15:05:00,1486.25,1486.25
2023-01-27 15:10:00,1486.25,1486.25
2023-01-27 15:15:00,1486.25,1486.25
2023-01-27 15:20:00,1486.25,1486.25
2023-01-27 15:25:00,1486.25,1486.25
2023-01-27 15:30:00,1486.25,1486.25
2023-01-27 15:40:00,1486.25,1486.25
2023-01-27 15:45:00,1486.25,1486.25
2023-01-27 15:50:00,1486.25,1486.25
2023-01-27 15:55:00,1486.25,1486.25
2023-01-27 16:00:00,1486.25,1486.25
2023-01-30 09:10:00,1325,1325
2023-01-30 09:15:00,1348.9,1240.2
2023-01-30 09:20:00,1221.85,1249.05
2023-01-30 09:25:00,1247.2,1243
2023-01-30 09:30:00,1242.75,1359.15
2023-01-30 09:35:00,1357.55,1394.5
2023-01-30 09:40:00,1391.7,1404.55
2023-01-30 09:45:00,1407.3,1310.3
2023-01-30 09:50:00,1312.35,1341.55
2023-01-30 09:55:00,1341.05,1316
2023-01-30 10:00:00,1316.55,1316.75
2023-01-30 10:05:00,1317.1,1292
2023-01-30 10:10:00,1292.3,1307.2
2023-01-30 10:15:00,1308.15,1293.25
2023-01-30 10:20:00,1293.1,1277
2023-01-30 10:25:00,1278.3,1257.55
2023-01-30 10:30:00,1256.3,1250.05
2023-01-30 10:35:00,1251.65,1248
2023-01-30 10:40:00,1247.3,1227.85
2023-01-30 10:45:00,1228.05,1233.8
2023-01-30 10:50:00,1238.85,1239
2023-01-30 10:55:00,1237.95,1226.05
2023-01-30 11:00:00,1225.55,1195.6
2023-01-30 11:05:00,1199.05,1208.45
2023-01-30 11:10:00,1207.9,1221.1
2023-01-30 11:15:00,1222.45,1216
2023-01-30 11:20:00,1216.75,1216
2023-01-30 11:25:00,1216.15,1217.9
2023-01-30 11:30:00,1219,1213.4
2023-01-30 11:35:00,1213.55,1207.85
2023-01-30 11:40:00,1207.85,1211.2
2023-01-30 11:45:00,1210,1212
2023-01-30 11:50:00,1212.3,1216.7
2023-01-30 11:55:00,1216.7,1235
2023-01-30 12:00:00,1235.85,1234.25
2023-01-30 12:05:00,1234,1236.95
2023-01-30 12:10:00,1237,1231.95
2023-01-30 12:15:00,1232.4,1227.65
2023-01-30 12:20:00,1227.6,1216.95
2023-01-30 12:25:00,1216.9,1215.25
2023-01-30 12:30:00,1215,1211.4
2023-01-30 12:35:00,1211.35,1204.7
2023-01-30 12:40:00,1203.55,1207
2023-01-30 12:45:00,1205.5,1201.5
2023-01-30 12:50:00,1201.2,1193.7
2023-01-30 12:55:00,1193.7,1192.55
2023-01-30 13:00:00,1192.7,1189
2023-01-30 13:05:00,1189,1189
2023-01-30 13:10:00,1189,1189
2023-01-30 13:15:00,1189,1189
2023-01-30 13:20:00,1189,1189
2023-01-30 13:25:00,1189,1189
2023-01-30 13:30:00,1189,1189
2023-01-30 13:35:00,1189,1189
2023-01-30 13:40:00,1189,1189
2023-01-30 13:45:00,1189,1189
2023-01-30 13:50:00,1189,1189
2023-01-30 13:55:00,1189,1189
2023-01-30 14:00:00,1189,1189
2023-01-30 14:05:00,1189,1189
2023-01-30 14:10:00,1189,1189
2023-01-30 14:15:00,1189,1189
2023-01-30 14:20:00,1189,1189
2023-01-30 14:25:00,1189,1189
2023-01-30 14:30:00,1189,1189
2023-01-30 14:35:00,1189,1189
2023-01-30 14:40:00,1189,1189
2023-01-30 14:45:00,1189,1189
2023-01-30 14:50:00,1189,1189
2023-01-30 14:55:00,1189,1189
2023-01-30 15:00:00,1189,1189
2023-01-30 15:05:00,1189,1189
2023-01-30 15:10:00,1189,1189
2023-01-30 15:15:00,1189,1189
2023-01-30 15:20:00,1189,1189
2023-01-30 15:25:00,1189,1189
2023-01-30 15:30:00,1189,1189
2023-01-30 15:40:00,1189,1189
2023-01-30 15:45:00,1189,1189
2023-01-30 15:50:00,1189,1189
2023-01-30 15:55:00,1189,1189
2023-01-30 16:00:00,1189,1189
2023-01-31 09:10:00,1135,1135
2023-01-31 09:15:00,1141.65,1133.25
2023-01-31 09:20:00,1117.8,1091.5
2023-01-31 09:25:00,1089.35,1096.4
2023-01-31 09:30:00,1096,1096.15
2023-01-31 09:35:00,1095.55,1091
2023-01-31 09:40:00,1090.8,1092.7
2023-01-31 09:45:00,1092.65,1095.05
2023-01-31 09:50:00,1095.95,1096.15
2023-01-31 09:55:00,1096,1096.4
2023-01-31 10:00:00,1096.25,1092.85
2023-01-31 10:05:00,1093.55,1131.05
2023-01-31 10:10:00,1130,1121
2023-01-31 10:15:00,1120,1138.6
2023-01-31 10:20:00,1137.55,1136.85
2023-01-31 10:25:00,1137,1163.8
2023-01-31 10:30:00,1161.15,1165
2023-01-31 10:35:00,1167.8,1167
2023-01-31 10:40:00,1166.85,1177.05
2023-01-31 10:45:00,1176.8,1171.15
2023-01-31 10:50:00,1173.45,1143.9
2023-01-31 10:55:00,1143.2,1149.7
2023-01-31 11:00:00,1149,1146.3
2023-01-31 11:05:00,1146.65,1138
2023-01-31 11:10:00,1139.1,1147.7
2023-01-31 11:15:00,1147.25,1155.25
2023-01-31 11:20:00,1155.25,1150.95
2023-01-31 11:25:00,1150.35,1146.7
2023-01-31 11:30:00,1148.15,1153
2023-01-31 11:35:00,1152.9,1158
2023-01-31 11:40:00,1158,1148
2023-01-31 11:45:00,1147.05,1156.8
2023-01-31 11:50:00,1156.8,1170.9
2023-01-31 11:55:00,1171.65,1169.25
2023-01-31 12:00:00,1170.15,1182.9
2023-01-31 12:05:00,1182.85,1183.15
2023-01-31 12:10:00,1183.1,1170.9
2023-01-31 12:15:00,1171.1,1166.3
2023-01-31 12:20:00,1166.3,1171
2023-01-31 12:25:00,1172.85,1178.2
2023-01-31 12:30:00,1179,1182
2023-01-31 12:35:00,1182.2,1178.5
2023-01-31 12:40:00,1178.45,1174.7
2023-01-31 12:45:00,1174.45,1180.65
2023-01-31 12:50:00,1181,1176.75
2023-01-31 12:55:00,1175.85,1170.9
2023-01-31 13:00:00,1170.9,1175.15
2023-01-31 13:05:00,1175.5,1181
2023-01-31 13:10:00,1180.95,1189.45
2023-01-31 13:15:00,1189.8,1176
2023-01-31 13:20:00,1176.65,1186.75
2023-01-31 13:25:00,1186,1197.5
2023-01-31 13:30:00,1197.75,1198.4
2023-01-31 13:35:00,1197.6,1206.3
2023-01-31 13:40:00,1204.4,1211.45
2023-01-31 13:45:00,1211.7,1183.05
2023-01-31 13:50:00,1182.5,1202.3
2023-01-31 13:55:00,1203.55,1193.55
2023-01-31 14:00:00,1193.9,1182.7
2023-01-31 14:05:00,1182.1,1182.8
2023-01-31 14:10:00,1182.8,1178
2023-01-31 14:15:00,1177.75,1183.3
2023-01-31 14:20:00,1183.45,1174.4
2023-01-31 14:25:00,1174.8,1171.9
2023-01-31 14:30:00,1171.05,1181
2023-01-31 14:35:00,1180.35,1180.95
2023-01-31 14:40:00,1181.95,1185.4
2023-01-31 14:45:00,1186.8,1182.1
2023-01-31 14:50:00,1182.05,1186.7
2023-01-31 14:55:00,1186.7,1201.05
2023-01-31 15:00:00,1200,1200.8
2023-01-31 15:05:00,1200.7,1212.4
2023-01-31 15:10:00,1217,1223
2023-01-31 15:15:00,1223,1231.15
2023-01-31 15:20:00,1230.9,1228.35
2023-01-31 15:25:00,1228.95,1228.7
2023-01-31 15:30:00,1228.15,1221.95
2023-01-31 15:40:00,1223.9,1223.9
2023-01-31 15:45:00,1223.9,1223.9
2023-01-31 15:50:00,1223.9,1223.9
2023-01-31 15:55:00,1223.9,1223.9
2023-01-31 16:00:00,1223.9,1223.9
2023-02-01 09:10:00,1278.9,1278.9
2023-02-01 09:15:00,1276.9,1274.8
2023-02-01 09:20:00,1272.5,1234
2023-02-01 09:25:00,1231.85,1242
2023-02-01 09:30:00,1240.95,1232.9
2023-02-01 09:35:00,1232.85,1203.1
2023-02-01 09:40:00,1203.95,1207.05
2023-02-01 09:45:00,1207.8,1196.55
2023-02-01 09:50:00,1196,1152.4
2023-02-01 09:55:00,1153,1173.7
2023-02-01 10:00:00,1173,1188.65
2023-02-01 10:05:00,1188.85,1183.05
2023-02-01 10:10:00,1183,1173.25
2023-02-01 10:15:00,1173.45,1176.35
2023-02-01 10:20:00,1176.75,1177.45
2023-02-01 10:25:00,1176,1175.1
2023-02-01 10:30:00,1176.25,1175.8
2023-02-01 10:35:00,1175,1180
2023-02-01 10:40:00,1180,1177.95
2023-02-01 10:45:00,1177.95,1183.9
2023-02-01 10:50:00,1184.8,1187
2023-02-01 10:55:00,1186.2,1180.6
2023-02-01 11:00:00,1180.25,1174.7
2023-02-01 11:05:00,1174.7,1183.3
2023-02-01 11:10:00,1183.3,1178.05
2023-02-01 11:15:00,1178,1182.45
2023-02-01 11:20:00,1182.45,1160
2023-02-01 11:25:00,1162.55,1162.4
2023-02-01 11:30:00,1162.8,1162
2023-02-01 11:35:00,1163,1178.2
2023-02-01 11:40:00,1176.75,1178
2023-02-01 11:45:00,1178.8,1214.05
2023-02-01 11:50:00,1212.9,1206.2
2023-02-01 11:55:00,1206,1202.4
2023-02-01 12:00:00,1202.8,1197
2023-02-01 12:05:00,1196.5,1195
2023-02-01 12:10:00,1193.05,1183
2023-02-01 12:15:00,1181.5,1171
2023-02-01 12:20:00,1171,1186.6
2023-02-01 12:25:00,1186.5,1192
2023-02-01 12:30:00,1192,1184.9
2023-02-01 12:35:00,1184.9,1186.95
2023-02-01 12:40:00,1187.9,1187.75
2023-02-01 12:45:00,1187.9,1185.05
2023-02-01 12:50:00,1185.85,1187.05
2023-02-01 12:55:00,1186.7,1176.1
2023-02-01 13:00:00,1176.55,1186.95
2023-02-01 13:05:00,1187,1180.05
2023-02-01 13:10:00,1180.7,1176.55
2023-02-01 13:15:00,1176.65,1179.55
2023-02-01 13:20:00,1179.9,1177.4
2023-02-01 13:25:00,1177.4,1168.95
2023-02-01 13:30:00,1168.95,1164
2023-02-01 13:35:00,1164.3,1157.95
2023-02-01 13:40:00,1157.5,1155
2023-02-01 13:45:00,1155,1152.85
2023-02-01 13:50:00,1152.75,1152.5
2023-02-01 13:55:00,1152.8,1142
2023-02-01 14:00:00,1141.9,1105
2023-02-01 14:05:00,1105,1106.05
2023-02-01 14:10:00,1106.95,1106.95
2023-02-01 14:15:00,1106.95,1106.95
2023-02-01 14:20:00,1105.95,1110
2023-02-01 14:25:00,1108,1115.3
2023-02-01 14:30:00,1115.3,1101.55
2023-02-01 14:35:00,1101.55,1114
2023-02-01 14:40:00,1114,1120
2023-02-01 14:45:00,1120.05,1129
2023-02-01 14:50:00,1129,1116
2023-02-01 14:55:00,1116.1,1110.1
2023-02-01 15:00:00,1110,1130
2023-02-01 15:05:00,1130,1112
2023-02-01 15:10:00,1112.35,1155
2023-02-01 15:15:00,1156.45,1171.9
2023-02-01 15:20:00,1171.25,1160
2023-02-01 15:25:00,1160,1160.05
2023-02-01 15:30:00,1160.05,1155.35
2023-02-01 15:40:00,1155.35,1155.35
2023-02-01 15:45:00,1155.35,1155.35
2023-02-01 15:50:00,1155.35,1155.35
2023-02-01 15:55:00,1155.35,1155.35
2023-02-01 16:00:00,1155.35,1155.35
2023-02-02 09:10:00,1039.85,1039.85
2023-02-02 09:15:00,1039.85,1039.85
2023-02-02 09:20:00,1039.85,1039.85
2023-02-02 09:25:00,1039.85,1039.85
2023-02-02 09:30:00,1039.85,1039.85
2023-02-02 09:35:00,1039.85,1039.85
2023-02-02 09:40:00,1039.85,1039.85
2023-02-02 09:45:00,1039.85,1039.85
2023-02-02 09:50:00,1039.85,1039.85
2023-02-02 09:55:00,1039.85,1039.85
2023-02-02 10:00:00,1039.85,1039.85
2023-02-02 10:05:00,1039.85,1039.85
2023-02-02 10:10:00,1039.85,1039.85
2023-02-02 10:15:00,1039.85,1039.85
2023-02-02 10:20:00,1039.85,1039.85
2023-02-02 10:25:00,1039.85,1039.85
2023-02-02 10:30:00,1039.85,1039.85
2023-02-02 10:35:00,1039.85,1039.85
2023-02-02 10:40:00,1039.85,1039.85
2023-02-02 10:45:00,1039.85,1039.85
2023-02-02 10:50:00,1039.85,1039.85
2023-02-02 10:55:00,1039.85,1039.85
2023-02-02 11:00:00,1039.85,1039.85
2023-02-02 11:05:00,1039.85,1039.85
2023-02-02 11:10:00,1039.85,1039.85
2023-02-02 11:15:00,1039.85,1039.85
2023-02-02 11:20:00,1039.85,1039.85
2023-02-02 11:25:00,1039.85,1039.85
2023-02-02 11:30:00,1039.85,1039.85
2023-02-02 11:35:00,1039.85,1039.85
2023-02-02 11:40:00,1039.85,1039.85
2023-02-02 11:45:00,1039.85,1039.85
2023-02-02 11:50:00,1039.85,1039.85
2023-02-02 11:55:00,1039.85,1039.85
2023-02-02 12:00:00,1039.85,1039.85
2023-02-02 12:05:00,1039.85,1039.85
2023-02-02 12:10:00,1039.85,1039.85
2023-02-02 12:15:00,1039.85,1039.85
2023-02-02 12:20:00,1039.85,1039.85
2023-02-02 12:25:00,1039.85,1039.85
2023-02-02 12:30:00,1039.85,1039.85
2023-02-02 12:35:00,1039.85,1039.85
2023-02-02 12:40:00,1039.85,1039.85
2023-02-02 12:45:00,1039.85,1039.85
2023-02-02 12:50:00,1039.85,1039.85
2023-02-02 12:55:00,1039.85,1039.85
2023-02-02 13:00:00,1039.85,1039.85
2023-02-02 13:05:00,1039.85,1039.85
2023-02-02 13:10:00,1039.85,1039.85
2023-02-02 13:15:00,1039.85,1039.85
2023-02-02 13:20:00,1039.85,1039.85
2023-02-02 13:25:00,1039.85,1039.85
2023-02-02 13:30:00,1039.85,1039.85
2023-02-02 13:35:00,1039.85,1039.85
2023-02-02 13:40:00,1039.85,1039.85
2023-02-02 13:45:00,1039.85,1039.85
2023-02-02 13:50:00,1039.85,1039.85
2023-02-02 13:55:00,1039.85,1039.85
2023-02-02 14:00:00,1039.85,1039.85
2023-02-02 14:05:00,1039.85,1039.85
2023-02-02 14:10:00,1039.85,1039.85
2023-02-02 14:15:00,1039.85,1039.85
2023-02-02 14:20:00,1039.85,1039.85
2023-02-02 14:25:00,1039.85,1039.85
2023-02-02 14:30:00,1039.85,1039.85
2023-02-02 14:35:00,1039.85,1039.85
2023-02-02 14:40:00,1039.85,1039.85
2023-02-02 14:45:00,1039.85,1039.85
2023-02-02 14:50:00,1039.85,1039.85
2023-02-02 14:55:00,1039.85,1039.85
2023-02-02 15:00:00,1039.85,1039.85
2023-02-02 15:05:00,1039.85,1039.85
2023-02-02 15:10:00,1039.85,1039.85
2023-02-02 15:15:00,1039.85,1039.85
2023-02-02 15:20:00,1039.85,1039.85
2023-02-02 15:25:00,1039.85,1039.85
2023-02-02 15:30:00,1039.85,1039.85
2023-02-02 15:45:00,1039.85,1039.85
2023-02-02 15:50:00,1039.85,1039.85
2023-02-02 15:55:00,1039.85,1039.85
2023-02-02 16:00:00,1039.85,1039.85
2023-02-03 09:10:00,935.9,935.9
2023-02-03 09:15:00,935.9,935.9
2023-02-03 09:20:00,935.9,935.9
2023-02-03 09:25:00,935.9,935.9
2023-02-03 09:30:00,935.9,935.9
2023-02-03 09:35:00,935.9,935.9
2023-02-03 09:40:00,935.9,935.9
2023-02-03 09:45:00,935.9,935.9
2023-02-03 09:50:00,935.9,935.9
2023-02-03 09:55:00,935.9,935.9
2023-02-03 10:00:00,935.9,935.9
2023-02-03 10:05:00,935.9,935.9
2023-02-03 10:10:00,935.9,935.9
2023-02-03 10:15:00,935.9,935.9
2023-02-03 10:20:00,935.9,935.9
2023-02-03 10:25:00,935.9,935.9
2023-02-03 10:30:00,935.9,935.9
2023-02-03 10:35:00,935.9,935.9
2023-02-03 10:40:00,935.9,935.9
2023-02-03 10:45:00,935.9,935.9
2023-02-03 10:50:00,935.9,935.9
2023-02-03 10:55:00,935.9,935.9
2023-02-03 11:00:00,935.9,935.9
2023-02-03 11:05:00,935.9,935.9
2023-02-03 11:10:00,935.9,935.9
2023-02-03 11:15:00,935.9,935.9
2023-02-03 11:20:00,935.9,935.9
2023-02-03 11:25:00,935.9,935.9
2023-02-03 11:30:00,935.9,935.9
2023-02-03 11:35:00,935.9,935.9
2023-02-03 11:40:00,935.9,935.9
2023-02-03 11:45:00,935.9,935.9
2023-02-03 11:50:00,935.9,935.9
2023-02-03 11:55:00,935.9,935.9
2023-02-03 12:00:00,935.9,935.9
2023-02-03 12:05:00,935.9,935.9
2023-02-03 12:10:00,935.9,935.9
2023-02-03 12:15:00,935.9,935.9
2023-02-03 12:20:00,935.9,935.9
2023-02-03 12:25:00,935.9,935.9
2023-02-03 12:30:00,935.9,935.9
2023-02-03 12:35:00,935.9,935.9
2023-02-03 12:40:00,935.9,935.9
2023-02-03 12:45:00,935.9,935.9
2023-02-03 12:50:00,935.9,935.9
2023-02-03 12:55:00,935.9,935.9
2023-02-03 13:00:00,935.9,935.9
2023-02-03 13:05:00,935.9,935.9
2023-02-03 13:10:00,935.9,935.9
2023-02-03 13:15:00,935.9,935.9
2023-02-03 13:20:00,935.9,935.9
2023-02-03 13:25:00,935.9,935.9
2023-02-03 13:30:00,935.9,935.9
2023-02-03 13:35:00,935.9,935.9
2023-02-03 13:40:00,935.9,935.9
2023-02-03 13:45:00,935.9,935.9
2023-02-03 13:50:00,935.9,935.9
2023-02-03 13:55:00,935.9,935.9
2023-02-03 14:00:00,935.9,935.9
2023-02-03 14:05:00,935.9,935.9
2023-02-03 14:10:00,935.9,935.9
2023-02-03 14:15:00,935.9,935.9
2023-02-03 14:20:00,935.9,935.9
2023-02-03 14:25:00,935.9,935.9
2023-02-03 14:30:00,935.9,935.9
2023-02-03 14:35:00,935.9,935.9
2023-02-03 14:40:00,935.9,935.9
2023-02-03 14:45:00,935.9,935.9
2023-02-03 14:50:00,935.9,935.9
2023-02-03 14:55:00,935.9,935.9
2023-02-03 15:00:00,935.9,935.9
2023-02-03 15:05:00,935.9,935.9
2023-02-03 15:10:00,935.9,935.9
2023-02-03 15:15:00,935.9,935.9
2023-02-03 15:20:00,935.9,935.9
2023-02-03 15:25:00,935.9,935.9
2023-02-03 15:30:00,935.9,935.9
2023-02-03 15:40:00,935.9,935.9
2023-02-03 15:45:00,935.9,935.9
2023-02-03 15:50:00,935.9,935.9
2023-02-03 15:55:00,935.9,935.9
2023-02-03 16:00:00,935.9,935.9
2023-02-06 09:10:00,889.1,889.1
2023-02-06 09:15:00,889.1,889.1
2023-02-06 09:20:00,889.1,889.1
2023-02-06 09:25:00,889.1,889.1
2023-02-06 09:30:00,889.1,889.1
2023-02-06 09:35:00,889.1,889.1
2023-02-06 09:40:00,889.1,889.1
2023-02-06 09:45:00,889.1,889.1
2023-02-06 09:50:00,889.1,889.1
2023-02-06 09:55:00,889.1,889.1
2023-02-06 10:00:00,889.1,889.1
2023-02-06 10:05:00,889.1,889.1
2023-02-06 10:10:00,889.1,889.1
2023-02-06 10:15:00,889.1,889.1
2023-02-06 10:20:00,889.1,889.1
2023-02-06 10:25:00,889.1,889.1
2023-02-06 10:30:00,889.1,889.1
2023-02-06 10:35:00,889.1,889.1
2023-02-06 10:40:00,889.1,889.1
2023-02-06 10:45:00,889.1,889.1
2023-02-06 10:50:00,889.1,889.1
2023-02-06 10:55:00,889.1,889.1
2023-02-06 11:00:00,889.1,889.1
2023-02-06 11:05:00,889.1,889.1
2023-02-06 11:10:00,889.1,889.1
2023-02-06 11:15:00,889.1,889.1
2023-02-06 11:20:00,889.1,889.1
2023-02-06 11:25:00,889.1,889.1
2023-02-06 11:30:00,889.1,889.1
2023-02-06 11:35:00,889.1,889.1
2023-02-06 11:40:00,889.1,889.1
2023-02-06 11:45:00,889.1,889.1
2023-02-06 11:50:00,889.1,889.1
2023-02-06 11:55:00,889.1,889.1
2023-02-06 12:00:00,889.1,889.1
2023-02-06 12:05:00,889.1,889.1
2023-02-06 12:10:00,889.1,889.1
2023-02-06 12:15:00,889.1,889.1
2023-02-06 12:20:00,889.1,889.1
2023-02-06 12:25:00,889.1,889.1
2023-02-06 12:30:00,889.1,889.1
2023-02-06 12:35:00,889.1,889.1
2023-02-06 12:40:00,889.1,889.1
2023-02-06 12:45:00,889.1,889.1
2023-02-06 12:50:00,889.1,889.1
2023-02-06 12:55:00,889.1,889.1
2023-02-06 13:00:00,889.1,889.1
2023-02-06 13:05:00,889.1,889.1
2023-02-06 13:10:00,889.1,889.1
2023-02-06 13:15:00,889.1,889.1
2023-02-06 13:20:00,889.1,889.1
2023-02-06 13:25:00,889.1,889.1
2023-02-06 13:30:00,889.1,889.1
2023-02-06 13:35:00,889.1,889.1
2023-02-06 13:40:00,889.1,889.1
2023-02-06 13:45:00,889.1,889.1
2023-02-06 13:50:00,889.1,889.1
2023-02-06 13:55:00,889.1,889.1
2023-02-06 14:00:00,889.1,889.1
2023-02-06 14:05:00,889.1,889.1
2023-02-06 14:10:00,889.1,889.1
2023-02-06 14:15:00,889.1,889.1
2023-02-06 14:20:00,889.1,889.1
2023-02-06 14:25:00,889.1,889.1
2023-02-06 14:30:00,889.1,889.1
2023-02-06 14:35:00,889.1,889.1
2023-02-06 14:40:00,889.1,889.1
2023-02-06 14:45:00,889.1,889.1
2023-02-06 14:50:00,889.1,889.1
2023-02-06 14:55:00,889.1,889.1
2023-02-06 15:00:00,889.1,889.1
2023-02-06 15:05:00,889.1,889.1
2023-02-06 15:10:00,889.1,889.1
2023-02-06 15:15:00,889.1,889.1
2023-02-06 15:20:00,889.1,889.1
2023-02-06 15:25:00,889.1,889.1
2023-02-06 15:30:00,889.1,889.1
2023-02-06 15:40:00,889.1,889.1
2023-02-06 15:45:00,889.1,889.1
2023-02-06 15:50:00,889.1,889.1
2023-02-06 15:55:00,889.1,889.1
2023-02-06 16:00:00,889.1,889.1
2023-02-07 09:10:00,844.65,844.65
2023-02-07 09:15:00,844.65,844.65
2023-02-07 09:20:00,844.65,844.65
2023-02-07 09:25:00,844.65,882.95
2023-02-07 09:30:00,882,876.05
2023-02-07 09:35:00,876,863.45
2023-02-07 09:40:00,862.8,882.3
2023-02-07 09:45:00,882.3,873.95
2023-02-07 09:50:00,873.65,876.6
2023-02-07 09:55:00,876.35,888.95
2023-02-07 10:00:00,888.9,896
2023-02-07 10:05:00,896,903.8
2023-02-07 10:10:00,903.95,907.25
2023-02-07 10:15:00,907.9,916
2023-02-07 10:20:00,915.9,900.8
2023-02-07 10:25:00,901.8,899.55
2023-02-07 10:30:00,899.95,913
2023-02-07 10:35:00,912.95,918.25
2023-02-07 10:40:00,918.25,932
2023-02-07 10:45:00,932,931
2023-02-07 10:50:00,930.85,933.55
2023-02-07 10:55:00,933.55,925
2023-02-07 11:00:00,924.95,903.05
2023-02-07 11:05:00,903.8,901.05
2023-02-07 11:10:00,902.25,904.5
2023-02-07 11:15:00,904.55,907
2023-02-07 11:20:00,907,910.35
2023-02-07 11:25:00,910.5,911.55
2023-02-07 11:30:00,911.55,911.4
2023-02-07 11:35:00,911.4,911.15
2023-02-07 11:40:00,911.1,917.95
2023-02-07 11:45:00,917.95,923.7
2023-02-07 11:50:00,923.05,914.65
2023-02-07 11:55:00,914.65,920.95
2023-02-07 12:00:00,920.35,921
2023-02-07 12:05:00,921,925.25
2023-02-07 12:10:00,925.25,923.95
2023-02-07 12:15:00,924.05,920.05
2023-02-07 12:20:00,920.55,915.85
2023-02-07 12:25:00,915.6,909
2023-02-07 12:30:00,909.7,907.3
2023-02-07 12:35:00,907.4,909.35
2023-02-07 12:40:00,909.55,907.25
2023-02-07 12:45:00,907.3,911.85
2023-02-07 12:50:00,911.8,910.6
2023-02-07 12:55:00,910.6,894.95
2023-02-07 13:00:00,894.45,892.4
2023-02-07 13:05:00,892.5,869.2
2023-02-07 13:10:00,870,884.5
2023-02-07 13:15:00,884,851
2023-02-07 13:20:00,851.3,853.5
2023-02-07 13:25:00,853.55,859
2023-02-07 13:30:00,859,864.45
2023-02-07 13:35:00,864.05,861.45
2023-02-07 13:40:00,861.95,859.95
2023-02-07 13:45:00,859.95,858.3
2023-02-07 13:50:00,859.6,844.65
2023-02-07 13:55:00,844.65,844.65
2023-02-07 14:00:00,844.65,844.65
2023-02-07 14:05:00,844.65,844.65
2023-02-07 14:10:00,844.65,844.65
2023-02-07 14:15:00,844.65,844.65
2023-02-07 14:20:00,844.65,844.65
2023-02-07 14:25:00,844.65,844.65
2023-02-07 14:30:00,844.65,844.65
2023-02-07 14:35:00,844.65,844.65
2023-02-07 14:40:00,844.65,844.65
2023-02-07 14:45:00,844.65,844.65
2023-02-07 14:50:00,844.65,844.65
2023-02-07 14:55:00,844.65,844.65
2023-02-07 15:00:00,844.65,844.65
2023-02-07 15:05:00,844.65,844.65
2023-02-07 15:10:00,844.65,844.65
2023-02-07 15:15:00,844.65,844.65
2023-02-07 15:20:00,844.65,844.65
2023-02-07 15:25:00,844.65,844.65
2023-02-07 15:30:00,844.65,844.65
2023-02-07 15:40:00,844.65,844.65
2023-02-07 15:45:00,844.65,844.65
2023-02-07 15:50:00,844.65,844.65
2023-02-07 15:55:00,844.65,844.65
2023-02-07 16:00:00,844.65,844.65
2023-02-08 09:10:00,831,831
2023-02-08 09:15:00,835.8,864.9
2023-02-08 09:20:00,867,841.15
2023-02-08 09:25:00,840,848.25
2023-02-08 09:30:00,848.4,862
2023-02-08 09:35:00,861.8,864.6
2023-02-08 09:40:00,864.25,862.45
2023-02-08 09:45:00,862.35,852.7
2023-02-08 09:50:00,852.7,840.9
2023-02-08 09:55:00,841,820
2023-02-08 10:00:00,820.25,831.8
2023-02-08 10:05:00,831.65,831
2023-02-08 10:10:00,831.6,825.15
2023-02-08 10:15:00,825.55,831.7
2023-02-08 10:20:00,831.85,828.3
2023-02-08 10:25:00,828.05,825
2023-02-08 10:30:00,825.65,822.4
2023-02-08 10:35:00,822.95,821.35
2023-02-08 10:40:00,821.3,820.35
2023-02-08 10:45:00,820.35,820.4
2023-02-08 10:50:00,820.4,820.6
2023-02-08 10:55:00,821.65,828.5
2023-02-08 11:00:00,829,823.35
2023-02-08 11:05:00,823.45,833.5
2023-02-08 11:10:00,833.85,836.2
2023-02-08 11:15:00,837,841.3
2023-02-08 11:20:00,841.35,838.45
2023-02-08 11:25:00,838.85,836.95
2023-02-08 11:30:00,836.95,831.45
2023-02-08 11:35:00,831.15,833.75
2023-02-08 11:40:00,833.8,834.8
2023-02-08 11:45:00,834.75,836.6
2023-02-08 11:50:00,836.6,834.5
2023-02-08 11:55:00,834.1,832.5
2023-02-08 12:00:00,832.5,833.3
2023-02-08 12:05:00,833.3,830.75
2023-02-08 12:10:00,830.7,822.9
2023-02-08 12:15:00,822.9,827.4
2023-02-08 12:20:00,828,829.85
2023-02-08 12:25:00,829.85,833.4
2023-02-08 12:30:00,834.2,834.2
2023-02-08 12:35:00,834.2,832.3
2023-02-08 12:40:00,832.15,839.15
2023-02-08 12:45:00,839.1,838.1
2023-02-08 12:50:00,838.4,841.6
2023-02-08 12:55:00,841.6,842.1
2023-02-08 13:00:00,842.5,840.1
2023-02-08 13:05:00,840.25,831
2023-02-08 13:10:00,830.8,828.55
2023-02-08 13:15:00,828.5,826.45
2023-02-08 13:20:00,826.45,828.2
2023-02-08 13:25:00,828.6,828.85
2023-02-08 13:30:00,828.7,828.85
2023-02-08 13:35:00,828.85,830
2023-02-08 13:40:00,830.1,827.6
2023-02-08 13:45:00,827.65,830.75
2023-02-08 13:50:00,830.8,838.25
2023-02-08 13:55:00,838.1,821.2
2023-02-08 14:00:00,821.2,812.35
2023-02-08 14:05:00,812.35,807.8
2023-02-08 14:10:00,807.8,806.05
2023-02-08 14:15:00,806.05,805.2
2023-02-08 14:20:00,804.85,806.7
2023-02-08 14:25:00,806.2,804.1
2023-02-08 14:30:00,804.45,804.95
2023-02-08 14:35:00,804.95,804.95
2023-02-08 14:40:00,804.95,805
2023-02-08 14:45:00,805,802.45
2023-02-08 14:50:00,802.45,802.45
2023-02-08 14:55:00,802.45,802.45
2023-02-08 15:00:00,802.45,802.45
2023-02-08 15:05:00,802.45,802.45
2023-02-08 15:10:00,802.45,802.45
2023-02-08 15:15:00,802.45,802.45
2023-02-08 15:20:00,802.45,802.45
2023-02-08 15:25:00,802.45,802.45
2023-02-08 15:30:00,802.45,802.45
2023-02-08 15:40:00,802.45,802.45
2023-02-08 15:45:00,802.45,802.45
2023-02-08 15:50:00,802.45,802.45
2023-02-08 15:55:00,802.45,802.45
2023-02-08 16:00:00,802.45,802.45
2023-02-09 09:10:00,770.05,770.05
2023-02-09 09:15:00,778.2,790
2023-02-09 09:20:00,788.7,768
2023-02-09 09:25:00,767.95,766.6
2023-02-09 09:30:00,766,771.35
2023-02-09 09:35:00,771.95,763.1
2023-02-09 09:40:00,763.6,763.25
2023-02-09 09:45:00,763.3,762.95
2023-02-09 09:50:00,762.5,769.55
2023-02-09 09:55:00,769.35,773.4
2023-02-09 10:00:00,773.4,773.75
2023-02-09 10:05:00,773.85,781.5
2023-02-09 10:10:00,781.1,784
2023-02-09 10:15:00,784,773.6
2023-02-09 10:20:00,774,773.3
2023-02-09 10:25:00,773.3,769.15
2023-02-09 10:30:00,769.85,768.15
2023-02-09 10:35:00,768.95,769.7
2023-02-09 10:40:00,770,768.4
2023-02-09 10:45:00,768.45,766.9
2023-02-09 10:50:00,766.9,769.25
2023-02-09 10:55:00,768.6,772.2
2023-02-09 11:00:00,772.2,774.85
2023-02-09 11:05:00,774.15,772.35
2023-02-09 11:10:00,771.25,770.95
2023-02-09 11:15:00,770.85,772
2023-02-09 11:20:00,771.2,770
2023-02-09 11:25:00,770,771.95
2023-02-09 11:30:00,772,771.75
2023-02-09 11:35:00,771.75,776.25
2023-02-09 11:40:00,776.5,775
2023-02-09 11:45:00,775.6,773.8
2023-02-09 11:50:00,773.8,772.9
2023-02-09 11:55:00,773.85,772.6
2023-02-09 12:00:00,772.15,771.8
2023-02-09 12:05:00,771.4,771.55
2023-02-09 12:10:00,772,770.85
2023-02-09 12:15:00,770.95,767.6
2023-02-09 12:20:00,767.25,767.5
2023-02-09 12:25:00,767.5,766.35
2023-02-09 12:30:00,766.35,763.1
2023-02-09 12:35:00,763.1,763.65
2023-02-09 12:40:00,764,764.3
2023-02-09 12:45:00,764.15,762.35
2023-02-09 12:50:00,762.35,762.35
2023-02-09 12:55:00,762.35,762.35
2023-02-09 13:00:00,762.35,762.35
2023-02-09 13:05:00,762.35,762.35
2023-02-09 13:10:00,762.35,762.35
2023-02-09 13:15:00,762.35,762.35
2023-02-09 13:20:00,762.35,762.35
2023-02-09 13:25:00,762.35,762.35
2023-02-09 13:30:00,762.35,762.35
2023-02-09 13:35:00,762.35,762.35
2023-02-09 13:40:00,762.35,762.35
2023-02-09 13:45:00,762.35,762.35
2023-02-09 13:50:00,762.35,762.35
2023-02-09 13:55:00,762.35,762.35
2023-02-09 14:00:00,762.35,762.35
2023-02-09 14:05:00,762.35,762.35
2023-02-09 14:10:00,762.35,763.75
2023-02-09 14:15:00,763.85,768.45
2023-02-09 14:20:00,768.5,762.35
2023-02-09 14:25:00,762.35,762.35
2023-02-09 14:30:00,762.35,762.35
2023-02-09 14:35:00,762.35,762.35
2023-02-09 14:40:00,762.35,762.35
2023-02-09 14:45:00,762.35,762.35
2023-02-09 14:50:00,762.35,762.35
2023-02-09 14:55:00,762.35,762.35
2023-02-09 15:00:00,762.35,762.35
2023-02-09 15:05:00,762.35,762.35
2023-02-09 15:10:00,762.35,762.35
2023-02-09 15:15:00,762.35,762.35
2023-02-09 15:20:00,762.35,762.35
2023-02-09 15:25:00,762.35,762.35
2023-02-09 15:30:00,762.35,762.35
2023-02-09 15:40:00,762.35,762.35
2023-02-09 15:45:00,762.35,762.35
2023-02-09 15:50:00,762.35,762.35
2023-02-09 15:55:00,762.35,762.35
2023-02-09 16:00:00,762.35,762.35
2023-02-10 09:10:00,732,732
2023-02-10 09:15:00,743.95,733.95
2023-02-10 09:20:00,733.85,732.25
2023-02-10 09:25:00,732,730.3
2023-02-10 09:30:00,730,727.5
2023-02-10 09:35:00,727.45,725.2
2023-02-10 09:40:00,725.25,727
2023-02-10 09:45:00,727.05,726.3
2023-02-10 09:50:00,726.35,726.95
2023-02-10 09:55:00,727.2,727.5
2023-02-10 10:00:00,727.75,725.6
2023-02-10 10:05:00,725.6,726.9
2023-02-10 10:10:00,727,725.2
2023-02-10 10:15:00,725.45,725.5
2023-02-10 10:20:00,725.5,725.6
2023-02-10 10:25:00,725.6,725.4
2023-02-10 10:30:00,725.4,724.25
2023-02-10 10:35:00,724.25,724.25
2023-02-10 10:40:00,724.25,724.25
2023-02-10 10:45:00,724.25,724.25
2023-02-10 10:50:00,724.25,724.25
2023-02-10 10:55:00,724.25,724.25
2023-02-10 11:00:00,724.25,724.25
2023-02-10 11:05:00,724.25,724.25
2023-02-10 11:10:00,724.25,724.25
2023-02-10 11:15:00,724.25,724.25
2023-02-10 11:20:00,724.25,724.25
2023-02-10 11:25:00,724.25,724.25
2023-02-10 11:30:00,724.25,724.25
2023-02-10 11:35:00,724.25,724.25
2023-02-10 11:40:00,724.25,724.25
2023-02-10 11:45:00,724.25,724.25
2023-02-10 11:50:00,724.25,724.25
2023-02-10 11:55:00,724.25,724.25
2023-02-10 12:00:00,724.25,724.25
2023-02-10 12:05:00,724.25,724.25
2023-02-10 12:10:00,724.25,724.25
2023-02-10 12:15:00,724.25,724.25
2023-02-10 12:20:00,724.25,724.25
2023-02-10 12:25:00,724.25,724.25
2023-02-10 12:30:00,724.25,724.25
2023-02-10 12:35:00,724.25,724.25
2023-02-10 12:40:00,724.25,724.25
2023-02-10 12:45:00,724.25,724.25
2023-02-10 12:50:00,724.25,724.25
2023-02-10 12:55:00,724.25,724.25
2023-02-10 13:00:00,724.25,724.25
2023-02-10 13:05:00,724.25,724.25
2023-02-10 13:10:00,724.25,724.25
2023-02-10 13:15:00,724.25,724.25
2023-02-10 13:20:00,724.25,724.25
2023-02-10 13:25:00,724.25,724.25
2023-02-10 13:30:00,724.25,724.25
2023-02-10 13:35:00,724.25,724.25
2023-02-10 13:40:00,724.25,724.25
2023-02-10 13:45:00,724.25,724.25
2023-02-10 13:50:00,724.25,724.25
2023-02-10 13:55:00,724.25,724.25
2023-02-10 14:00:00,724.25,724.25
2023-02-10 14:05:00,724.25,724.25
2023-02-10 14:10:00,724.25,724.25
2023-02-10 14:15:00,724.25,724.25
2023-02-10 14:20:00,724.25,724.25
2023-02-10 14:25:00,724.25,724.25
2023-02-10 14:30:00,724.25,724.25
2023-02-10 14:35:00,724.25,724.25
2023-02-10 14:40:00,724.25,724.25
2023-02-10 14:45:00,724.25,724.25
2023-02-10 14:50:00,724.25,724.25
2023-02-10 14:55:00,724.25,724.25
2023-02-10 15:00:00,724.25,724.25
2023-02-10 15:05:00,724.25,724.25
2023-02-10 15:10:00,724.25,724.25
2023-02-10 15:15:00,724.25,724.25
2023-02-10 15:20:00,724.25,724.25
2023-02-10 15:25:00,724.25,724.25
2023-02-10 15:30:00,724.25,724.25
2023-02-10 15:40:00,724.25,724.25
2023-02-10 15:45:00,724.25,724.25
2023-02-10 15:50:00,724.25,724.25
2023-02-10 15:55:00,724.25,724.25
2023-02-10 16:00:00,724.25,724.25
2023-02-13 09:10:00,688.05,688.05
2023-02-13 09:15:00,688.05,688.05
2023-02-13 09:20:00,688.05,688.05
2023-02-13 09:25:00,688.05,688.05
2023-02-13 09:30:00,688.05,688.05
2023-02-13 09:35:00,688.05,688.05
2023-02-13 09:40:00,688.05,688.05
2023-02-13 09:45:00,688.05,688.05
2023-02-13 09:50:00,688.05,688.05
2023-02-13 09:55:00,688.05,688.05
2023-02-13 10:00:00,688.05,688.05
2023-02-13 10:05:00,688.05,688.05
2023-02-13 10:10:00,688.05,688.05
2023-02-13 10:15:00,688.05,688.05
2023-02-13 10:20:00,688.05,688.05
2023-02-13 10:25:00,688.05,688.05
2023-02-13 10:30:00,688.05,688.05
2023-02-13 10:35:00,688.05,688.05
2023-02-13 10:40:00,688.05,688.05
2023-02-13 10:45:00,688.05,688.05
2023-02-13 10:50:00,688.05,688.05
2023-02-13 10:55:00,688.05,688.05
2023-02-13 11:00:00,688.05,688.05
2023-02-13 11:05:00,688.05,688.05
2023-02-13 11:10:00,688.05,688.05
2023-02-13 11:15:00,688.05,688.05
2023-02-13 11:20:00,688.05,688.05
2023-02-13 11:25:00,688.05,688.05
2023-02-13 11:30:00,688.05,688.05
2023-02-13 11:35:00,688.05,688.05
2023-02-13 11:40:00,688.05,688.05
2023-02-13 11:45:00,688.05,688.05
2023-02-13 11:50:00,688.05,688.05
2023-02-13 11:55:00,688.05,688.05
2023-02-13 12:00:00,688.05,688.05
2023-02-13 12:05:00,688.05,688.05
2023-02-13 12:10:00,688.05,688.05
2023-02-13 12:15:00,688.05,688.05
2023-02-13 12:20:00,688.05,688.05
2023-02-13 12:25:00,688.05,688.05
2023-02-13 12:30:00,688.05,688.05
2023-02-13 12:35:00,688.05,688.05
2023-02-13 12:40:00,688.05,688.05
2023-02-13 12:45:00,688.05,688.05
2023-02-13 12:50:00,688.05,688.05
2023-02-13 12:55:00,688.05,688.05
2023-02-13 13:00:00,688.05,688.05
2023-02-13 13:05:00,688.05,688.05
2023-02-13 13:10:00,688.05,688.05
2023-02-13 13:15:00,688.05,688.05
2023-02-13 13:20:00,688.05,688.05
2023-02-13 13:25:00,688.05,688.05
2023-02-13 13:30:00,688.05,688.05
2023-02-13 13:35:00,688.05,688.05
2023-02-13 13:40:00,688.05,688.05
2023-02-13 13:45:00,688.05,688.05
2023-02-13 13:50:00,688.05,688.05
2023-02-13 13:55:00,688.05,688.05
2023-02-13 14:00:00,688.05,688.05
2023-02-13 14:05:00,688.05,688.05
2023-02-13 14:10:00,688.05,688.05
2023-02-13 14:15:00,688.05,688.05
2023-02-13 14:20:00,688.05,688.05
2023-02-13 14:25:00,688.05,688.05
2023-02-13 14:30:00,688.05,688.05
2023-02-13 14:35:00,688.05,688.05
2023-02-13 14:40:00,688.05,688.05
2023-02-13 14:45:00,688.05,688.05
2023-02-13 14:50:00,688.05,688.05
2023-02-13 14:55:00,688.05,688.05
2023-02-13 15:00:00,688.05,688.05
2023-02-13 15:05:00,688.05,688.05
2023-02-13 15:10:00,688.05,688.05
2023-02-13 15:15:00,688.05,688.05
2023-02-13 15:20:00,688.05,688.05
2023-02-13 15:25:00,688.05,688.05
2023-02-13 15:30:00,688.05,688.05
2023-02-13 15:45:00,688.05,688.05
2023-02-13 15:50:00,688.05,688.05
2023-02-13 15:55:00,688.05,688.05
2023-02-13 16:00:00,688.05,688.05
2023-02-14 09:10:00,653.65,653.65
2023-02-14 09:15:00,653.65,653.65
2023-02-14 09:20:00,653.65,653.65
2023-02-14 09:25:00,653.65,653.65
2023-02-14 09:30:00,653.65,653.65
2023-02-14 09:35:00,653.65,653.65
2023-02-14 09:40:00,653.65,653.65
2023-02-14 09:45:00,653.65,653.65
2023-02-14 09:50:00,653.65,653.65
2023-02-14 09:55:00,653.65,653.65
2023-02-14 10:00:00,653.65,653.65
2023-02-14 10:05:00,653.65,653.65
2023-02-14 10:10:00,653.65,653.65
2023-02-14 10:15:00,653.65,653.65
2023-02-14 10:20:00,653.65,653.65
2023-02-14 10:25:00,653.65,653.65
2023-02-14 10:30:00,653.65,653.65
2023-02-14 10:35:00,653.65,653.65
2023-02-14 10:40:00,653.65,653.65
2023-02-14 10:45:00,653.65,653.65
2023-02-14 10:50:00,653.65,653.65
2023-02-14 10:55:00,653.65,653.65
2023-02-14 11:00:00,653.65,653.65
2023-02-14 11:05:00,653.65,653.65
2023-02-14 11:10:00,653.65,653.65
2023-02-14 11:15:00,653.65,653.65
2023-02-14 11:20:00,653.65,653.65
2023-02-14 11:25:00,653.65,653.65
2023-02-14 11:30:00,653.65,653.65
2023-02-14 11:35:00,653.65,653.65
2023-02-14 11:40:00,653.65,653.65
2023-02-14 11:45:00,653.65,653.65
2023-02-14 11:50:00,653.65,653.65
2023-02-14 11:55:00,653.65,653.65
2023-02-14 12:00:00,653.65,653.65
2023-02-14 12:05:00,653.65,653.65
2023-02-14 12:10:00,653.65,653.65
2023-02-14 12:15:00,653.65,653.65
2023-02-14 12:20:00,653.65,653.65
2023-02-14 12:25:00,653.65,653.65
2023-02-14 12:30:00,653.65,653.65
2023-02-14 12:35:00,653.65,653.65
2023-02-14 12:40:00,653.65,653.65
2023-02-14 12:45:00,653.65,653.65
2023-02-14 12:50:00,653.65,653.65
2023-02-14 12:55:00,653.65,653.65
2023-02-14 13:00:00,653.65,653.65
2023-02-14 13:05:00,653.65,653.65
2023-02-14 13:10:00,653.65,653.65
2023-02-14 13:15:00,653.65,653.65
2023-02-14 13:20:00,653.65,653.65
2023-02-14 13:25:00,653.65,653.65
2023-02-14 13:30:00,653.65,653.65
2023-02-14 13:35:00,653.65,653.65
2023-02-14 13:40:00,653.65,653.65
2023-02-14 13:45:00,653.65,653.65
2023-02-14 13:50:00,653.65,653.65
2023-02-14 13:55:00,653.65,653.65
2023-02-14 14:00:00,653.65,653.65
2023-02-14 14:05:00,653.65,653.65
2023-02-14 14:10:00,653.65,653.65
2023-02-14 14:15:00,653.65,653.65
2023-02-14 14:20:00,653.65,653.65
2023-02-14 14:25:00,653.65,653.65
2023-02-14 14:30:00,653.65,653.65
2023-02-14 14:35:00,653.65,653.65
2023-02-14 14:40:00,653.65,653.65
2023-02-14 14:45:00,653.65,653.65
2023-02-14 14:50:00,653.65,653.65
2023-02-14 14:55:00,653.65,653.65
2023-02-14 15:00:00,653.65,653.65
2023-02-14 15:05:00,653.65,653.65
2023-02-14 15:10:00,653.65,653.65
2023-02-14 15:15:00,653.65,653.65
2023-02-14 15:20:00,653.65,653.65
2023-02-14 15:25:00,653.65,653.65
2023-02-14 15:30:00,653.65,653.65
2023-02-14 15:40:00,653.65,653.65
2023-02-14 15:45:00,653.65,653.65
2023-02-14 15:50:00,653.65,653.65
2023-02-14 15:55:00,653.65,653.65
2023-02-14 16:00:00,653.65,653.65
2023-02-15 09:10:00,621,621
2023-02-15 09:15:00,621,621
2023-02-15 09:20:00,621,621
2023-02-15 09:25:00,621,621
2023-02-15 09:30:00,621,621
2023-02-15 09:35:00,621,621
2023-02-15 09:40:00,621,621
2023-02-15 09:45:00,621,621
2023-02-15 09:50:00,621,621
2023-02-15 09:55:00,621,621
2023-02-15 10:00:00,621,621
2023-02-15 10:05:00,621,621
2023-02-15 10:10:00,621,621
2023-02-15 10:15:00,621,621
2023-02-15 10:20:00,621,621
2023-02-15 10:25:00,621,621
2023-02-15 10:30:00,621,621
2023-02-15 10:35:00,621,621
2023-02-15 10:40:00,621,621
2023-02-15 10:45:00,621,621
2023-02-15 10:50:00,621,621
2023-02-15 10:55:00,621,621
2023-02-15 11:00:00,621,621
2023-02-15 11:05:00,621,621
2023-02-15 11:10:00,621,621
2023-02-15 11:15:00,621,621
2023-02-15 11:20:00,621,621
2023-02-15 11:25:00,621,621
2023-02-15 11:30:00,621,621
2023-02-15 11:35:00,621,621
2023-02-15 11:40:00,621,621
2023-02-15 11:45:00,621,621
2023-02-15 11:50:00,621,621
2023-02-15 11:55:00,621,621
2023-02-15 12:00:00,621,621
2023-02-15 12:05:00,621,621
2023-02-15 12:10:00,621,621
2023-02-15 12:15:00,621,621
2023-02-15 12:20:00,621,621
2023-02-15 12:25:00,621,621
2023-02-15 12:30:00,621,621
2023-02-15 12:35:00,621,621
2023-02-15 12:40:00,621,621
2023-02-15 12:45:00,621,621
2023-02-15 12:50:00,621,621
2023-02-15 12:55:00,621,621
2023-02-15 13:00:00,621,621
2023-02-15 13:05:00,621,621
2023-02-15 13:10:00,621,621
2023-02-15 13:15:00,621,621
2023-02-15 13:20:00,621,621
2023-02-15 13:25:00,621,621
2023-02-15 13:30:00,621,621
2023-02-15 13:35:00,621,621
2023-02-15 13:40:00,621,621
2023-02-15 13:45:00,621,621
2023-02-15 13:50:00,621,621
2023-02-15 13:55:00,621,621
2023-02-15 14:00:00,621,621
2023-02-15 14:05:00,621,621
2023-02-15 14:10:00,621,621
2023-02-15 14:15:00,621,621
2023-02-15 14:20:00,621,621
2023-02-15 14:25:00,621,621
2023-02-15 14:30:00,621,621
2023-02-15 14:35:00,621,621
2023-02-15 14:40:00,621,621
2023-02-15 14:45:00,621,621
2023-02-15 14:50:00,621,621
2023-02-15 14:55:00,621,621
2023-02-15 15:00:00,621,621
2023-02-15 15:05:00,621,621
2023-02-15 15:10:00,621,621
2023-02-15 15:15:00,621,621
2023-02-15 15:20:00,621,621
2023-02-15 15:25:00,621,621
2023-02-15 15:30:00,621,621
2023-02-15 15:40:00,621,621
2023-02-15 15:45:00,621,621
2023-02-15 15:50:00,621,621
2023-02-15 15:55:00,621,621
2023-02-15 16:00:00,621,621
2023-02-16 09:10:00,632,632
2023-02-16 09:15:00,645.85,649.95
2023-02-16 09:20:00,648.75,652.05
2023-02-16 09:25:00,652.05,652.05
2023-02-16 09:30:00,652.05,652.05
2023-02-16 09:35:00,652.05,652.05
2023-02-16 09:40:00,652.05,652
2023-02-16 09:45:00,652,651.9
2023-02-16 09:50:00,651.9,648.9
2023-02-16 09:55:00,648.7,634.5
2023-02-16 10:00:00,634.1,641.65
2023-02-16 10:05:00,641.45,632.3
2023-02-16 10:10:00,632.9,634.85
2023-02-16 10:15:00,634.75,633.55
2023-02-16 10:20:00,633,643.75
2023-02-16 10:25:00,643,639.95
2023-02-16 10:30:00,639.35,642.65
2023-02-16 10:35:00,642.65,643.95
2023-02-16 10:40:00,644.3,648.45
2023-02-16 10:45:00,648.45,643
2023-02-16 10:50:00,643,637.35
2023-02-16 10:55:00,637.05,636.85
2023-02-16 11:00:00,636.9,633.9
2023-02-16 11:05:00,633,618.75
2023-02-16 11:10:00,618.8,622.8
2023-02-16 11:15:00,622.3,628.8
2023-02-16 11:20:00,628.5,632.6
2023-02-16 11:25:00,632,636
2023-02-16 11:30:00,635.7,637.35
2023-02-16 11:35:00,637.5,631.05
2023-02-16 11:40:00,631.7,629.35
2023-02-16 11:45:00,629.95,626
2023-02-16 11:50:00,622.95,616.95
2023-02-16 11:55:00,617.2,621.8
2023-02-16 12:00:00,621.8,623.95
2023-02-16 12:05:00,623.85,620.7
2023-02-16 12:10:00,621.55,622.4
2023-02-16 12:15:00,622.35,626.85
2023-02-16 12:20:00,626.4,621.65
2023-02-16 12:25:00,622.35,624.5
2023-02-16 12:30:00,624.85,627.3
2023-02-16 12:35:00,627.4,627.7
2023-02-16 12:40:00,627.65,630.5
2023-02-16 12:45:00,630.1,631.9
2023-02-16 12:50:00,632,637.4
2023-02-16 12:55:00,637.4,637.6
2023-02-16 13:00:00,637.55,636
2023-02-16 13:05:00,636.15,638.95
2023-02-16 13:10:00,638.1,643.7
2023-02-16 13:15:00,643.95,635.8
2023-02-16 13:20:00,635.2,640.75
2023-02-16 13:25:00,640.4,641.45
2023-02-16 13:30:00,641.8,642.8
2023-02-16 13:35:00,643.2,643.7
2023-02-16 13:40:00,643.65,643.6
2023-02-16 13:45:00,643.95,637.8
2023-02-16 13:50:00,637.4,633.9
2023-02-16 13:55:00,634.05,636.55
2023-02-16 14:00:00,636.9,633.85
2023-02-16 14:05:00,634,638
2023-02-16 14:10:00,638.6,637.95
2023-02-16 14:15:00,637.5,638.7
2023-02-16 14:20:00,639.25,631.5
2023-02-16 14:25:00,631.9,620.6
2023-02-16 14:30:00,621,618.05
2023-02-16 14:35:00,618,594.65
2023-02-16 14:40:00,594.7,602.35
2023-02-16 14:45:00,602.6,595.7
2023-02-16 14:50:00,595.7,598.2
2023-02-16 14:55:00,598.4,597
2023-02-16 15:00:00,597,603.65
2023-02-16 15:05:00,603.65,616.05
2023-02-16 15:10:00,616.25,612.85
2023-02-16 15:15:00,612.85,611.65
2023-02-16 15:20:00,611.7,616.8
2023-02-16 15:25:00,616.8,626.1
2023-02-16 15:30:00,626.4,622
2023-02-16 15:40:00,616.3,616.3
2023-02-16 15:45:00,616.3,616.3
2023-02-16 15:50:00,616.3,616.3
2023-02-16 15:55:00,616.3,616.3
2023-02-16 16:00:00,616.3,616.3
2023-02-17 09:10:00,628,628
2023-02-17 09:15:00,632.15,627.05
2023-02-17 09:20:00,628.75,633.4
2023-02-17 09:25:00,633.35,632.4
2023-02-17 09:30:00,633.2,634.95
2023-02-17 09:35:00,635,629.55
2023-02-17 09:40:00,628.95,636.85
2023-02-17 09:45:00,636.75,638.65
2023-02-17 09:50:00,638.75,636.2
2023-02-17 09:55:00,636.2,633.7
2023-02-17 10:00:00,633.65,635.05
2023-02-17 10:05:00,635.35,633.2
2023-02-17 10:10:00,633.2,625.55
2023-02-17 10:15:00,625.7,625.7
2023-02-17 10:20:00,625.6,626.2
2023-02-17 10:25:00,626.75,631.25
2023-02-17 10:30:00,631.25,628.35
2023-02-17 10:35:00,628.9,630.7
2023-02-17 10:40:00,630.4,629.5
2023-02-17 10:45:00,629.2,630.75
2023-02-17 10:50:00,630.7,630.65
2023-02-17 10:55:00,630.95,629.75
2023-02-17 11:00:00,629.8,627.55
2023-02-17 11:05:00,627.85,629
2023-02-17 11:10:00,629.1,623.35
2023-02-17 11:15:00,623.75,624.7
2023-02-17 11:20:00,624.3,626.1
2023-02-17 11:25:00,626.1,625.75
2023-02-17 11:30:00,625.65,627
2023-02-17 11:35:00,627.35,625.7
2023-02-17 11:40:00,625.2,626.5
2023-02-17 11:45:00,626.8,631.5
2023-02-17 11:50:00,631.45,629.6
2023-02-17 11:55:00,629.9,628.95
2023-02-17 12:00:00,628.9,629.1
2023-02-17 12:05:00,629,630.25
2023-02-17 12:10:00,630.15,630.4
2023-02-17 12:15:00,630.65,628.4
2023-02-17 12:20:00,628.65,629.4
2023-02-17 12:25:00,629.35,625.7
2023-02-17 12:30:00,625.65,627.5
2023-02-17 12:35:00,627.5,627.4
2023-02-17 12:40:00,627.1,630.25
2023-02-17 12:45:00,630.25,629.45
2023-02-17 12:50:00,629,629.5
2023-02-17 12:55:00,630,629.75
2023-02-17 13:00:00,629.75,626.8
2023-02-17 13:05:00,626.8,628
2023-02-17 13:10:00,628,628.1
2023-02-17 13:15:00,628.5,628.9
2023-02-17 13:20:00,628.9,628.75
2023-02-17 13:25:00,628.9,628
2023-02-17 13:30:00,627.95,628
2023-02-17 13:35:00,628,623.6
2023-02-17 13:40:00,623.35,626.4
2023-02-17 13:45:00,626.4,624.55
2023-02-17 13:50:00,624,625.85
2023-02-17 13:55:00,625.4,627.85
2023-02-17 14:00:00,627.6,628.45
2023-02-17 14:05:00,628.15,629.05
2023-02-17 14:10:00,629.2,628.4
2023-02-17 14:15:00,628.25,629.5
2023-02-17 14:20:00,629.2,629
2023-02-17 14:25:00,629.3,626.05
2023-02-17 14:30:00,626.3,626
2023-02-17 14:35:00,625.85,626.1
2023-02-17 14:40:00,626.05,623.55
2023-02-17 14:45:00,623.25,624
2023-02-17 14:50:00,624.2,624.05
2023-02-17 14:55:00,623.55,624.35
2023-02-17 15:00:00,624.5,629
2023-02-17 15:05:00,629,627.75
2023-02-17 15:10:00,627,628.8
2023-02-17 15:15:00,628.8,627.95
2023-02-17 15:20:00,627.95,629.3
2023-02-17 15:25:00,629.3,629
2023-02-17 15:30:00,629,628.65
2023-02-17 15:40:00,628.65,628.65
2023-02-17 15:45:00,628.65,628.65
2023-02-17 15:50:00,628.65,628.65
2023-02-17 15:55:00,628.65,628.65
2023-02-17 16:00:00,628.65,628.65
2023-02-20 09:10:00,609,609
2023-02-20 09:15:00,610.15,611.45
2023-02-20 09:20:00,611.65,617.9
2023-02-20 09:25:00,617.95,613.55
2023-02-20 09:30:00,613.5,603.8
2023-02-20 09:35:00,603.35,597.25
2023-02-20 09:40:00,597.25,604.75
2023-02-20 09:45:00,604.9,602.7
2023-02-20 09:50:00,602.6,599.1
2023-02-20 09:55:00,599.75,605.95
2023-02-20 10:00:00,606.4,608.05
2023-02-20 10:05:00,608.1,608
2023-02-20 10:10:00,607.4,607.4
2023-02-20 10:15:00,607.3,602.85
2023-02-20 10:20:00,602.9,601
2023-02-20 10:25:00,600.95,602.95
2023-02-20 10:30:00,602.8,602.65
2023-02-20 10:35:00,602.85,602.5
2023-02-20 10:40:00,602.2,601.55
2023-02-20 10:45:00,601.85,602
2023-02-20 10:50:00,602,602.2
2023-02-20 10:55:00,602.45,597.25
2023-02-20 11:00:00,597.25,597.25
2023-02-20 11:05:00,597.25,597.25
2023-02-20 11:10:00,597.25,597.25
2023-02-20 11:15:00,597.25,597.25
2023-02-20 11:20:00,597.25,597.25
2023-02-20 11:25:00,597.25,597.25
2023-02-20 11:30:00,597.25,597.25
2023-02-20 11:35:00,597.25,597.25
2023-02-20 11:40:00,597.25,597.25
2023-02-20 11:45:00,597.25,597.25
2023-02-20 11:50:00,597.25,599.5
2023-02-20 11:55:00,599.5,597.25
2023-02-20 12:00:00,597.25,597.25
2023-02-20 12:05:00,597.25,597.25
2023-02-20 12:10:00,597.25,597.25
2023-02-20 12:15:00,597.25,597.25
2023-02-20 12:20:00,597.25,597.25
2023-02-20 12:25:00,597.25,597.25
2023-02-20 12:30:00,597.25,597.25
2023-02-20 12:35:00,597.25,597.25
2023-02-20 12:40:00,597.25,597.25
2023-02-20 12:45:00,597.25,597.25
2023-02-20 12:50:00,597.25,597.25
2023-02-20 12:55:00,597.25,597.25
2023-02-20 13:00:00,597.25,597.25
2023-02-20 13:05:00,597.25,597.25
2023-02-20 13:10:00,597.25,597.25
2023-02-20 13:15:00,597.25,597.25
2023-02-20 13:20:00,597.25,597.25
2023-02-20 13:25:00,597.25,597.25
2023-02-20 13:30:00,597.25,597.25
2023-02-20 13:35:00,597.25,597.25
2023-02-20 13:40:00,597.25,597.25
2023-02-20 13:45:00,597.25,597.25
2023-02-20 13:50:00,597.25,597.25
2023-02-20 13:55:00,597.25,597.25
2023-02-20 14:00:00,597.25,597.25
2023-02-20 14:05:00,597.25,597.25
2023-02-20 14:10:00,597.25,597.25
2023-02-20 14:15:00,597.25,597.25
2023-02-20 14:20:00,597.25,597.25
2023-02-20 14:25:00,597.25,597.25
2023-02-20 14:30:00,597.25,597.25
2023-02-20 14:35:00,597.25,597.25
2023-02-20 14:40:00,597.25,597.25
2023-02-20 14:45:00,597.25,597.25
2023-02-20 14:50:00,597.25,597.25
2023-02-20 14:55:00,597.25,597.25
2023-02-20 15:00:00,597.25,597.25
2023-02-20 15:05:00,597.25,597.25
2023-02-20 15:10:00,597.25,597.25
2023-02-20 15:15:00,597.25,597.25
2023-02-20 15:20:00,597.25,597.25
2023-02-20 15:25:00,597.25,597.25
2023-02-20 15:30:00,597.25,597.25
2023-02-20 15:40:00,597.25,597.25
2023-02-20 15:45:00,597.25,597.25
2023-02-20 15:50:00,597.25,597.25
2023-02-20 15:55:00,597.25,597.25
2023-02-20 16:00:00,597.25,597.25
2023-02-21 09:10:00,593.1,593.1
2023-02-21 09:15:00,595.15,577.75
2023-02-21 09:20:00,578.05,569.4
2023-02-21 09:25:00,568.7,570
2023-02-21 09:30:00,570.6,570.65
2023-02-21 09:35:00,570.7,568.85
2023-02-21 09:40:00,568.75,567.4
2023-02-21 09:45:00,567.4,567.4
2023-02-21 09:50:00,567.4,567.4
2023-02-21 09:55:00,567.4,567.4
2023-02-21 10:00:00,567.4,567.4
2023-02-21 10:05:00,567.4,567.4
2023-02-21 10:10:00,567.4,567.4
2023-02-21 10:15:00,567.4,567.4
2023-02-21 10:20:00,567.4,567.4
2023-02-21 10:25:00,567.4,567.4
2023-02-21 10:30:00,567.4,567.4
2023-02-21 10:35:00,567.4,567.4
2023-02-21 10:40:00,567.4,567.4
2023-02-21 10:45:00,567.4,567.4
2023-02-21 10:50:00,567.4,567.4
2023-02-21 10:55:00,567.4,567.4
2023-02-21 11:00:00,567.4,567.4
2023-02-21 11:05:00,567.4,567.4
2023-02-21 11:10:00,567.4,567.4
2023-02-21 11:15:00,567.4,567.4
2023-02-21 11:20:00,567.4,567.4
2023-02-21 11:25:00,567.4,567.4
2023-02-21 11:30:00,567.4,567.4
2023-02-21 11:35:00,567.4,567.4
2023-02-21 11:40:00,567.4,567.4
2023-02-21 11:45:00,567.4,567.4
2023-02-21 11:50:00,567.4,567.4
2023-02-21 11:55:00,567.4,567.4
2023-02-21 12:00:00,567.4,567.4
2023-02-21 12:05:00,567.4,567.4
2023-02-21 12:10:00,567.4,567.4
2023-02-21 12:15:00,567.4,567.4
2023-02-21 12:20:00,567.4,567.4
2023-02-21 12:25:00,567.4,567.4
2023-02-21 12:30:00,567.4,567.4
2023-02-21 12:35:00,567.4,567.4
2023-02-21 12:40:00,567.4,567.4
2023-02-21 12:45:00,567.4,567.4
2023-02-21 12:50:00,567.4,567.4
2023-02-21 12:55:00,567.4,567.4
2023-02-21 13:00:00,567.4,567.4
2023-02-21 13:05:00,567.4,567.4
2023-02-21 13:10:00,567.4,567.4
2023-02-21 13:15:00,567.4,567.4
2023-02-21 13:20:00,567.4,567.4
2023-02-21 13:25:00,567.4,567.4
2023-02-21 13:30:00,567.4,567.4
2023-02-21 13:35:00,567.4,567.4
2023-02-21 13:40:00,567.4,567.4
2023-02-21 13:45:00,567.4,567.4
2023-02-21 13:50:00,567.4,567.4
2023-02-21 13:55:00,567.4,567.4
2023-02-21 14:00:00,567.4,567.4
2023-02-21 14:05:00,567.4,567.4
2023-02-21 14:10:00,567.4,567.4
2023-02-21 14:15:00,567.4,567.4
2023-02-21 14:20:00,567.4,567.4
2023-02-21 14:25:00,567.4,567.4
2023-02-21 14:30:00,567.4,567.4
2023-02-21 14:35:00,567.4,567.4
2023-02-21 14:40:00,567.4,567.4
2023-02-21 14:45:00,567.4,567.4
2023-02-21 14:50:00,567.4,567.4
2023-02-21 14:55:00,567.4,567.4
2023-02-21 15:00:00,567.4,567.4
2023-02-21 15:05:00,567.4,567.4
2023-02-21 15:10:00,567.4,567.4
2023-02-21 15:15:00,567.4,567.4
2023-02-21 15:20:00,567.4,567.4
2023-02-21 15:25:00,567.4,567.4
2023-02-21 15:30:00,567.4,567.4
2023-02-21 15:40:00,567.4,567.4
2023-02-21 15:45:00,567.4,567.4
2023-02-21 15:50:00,567.4,567.4
2023-02-21 15:55:00,567.4,567.4
2023-02-21 16:00:00,567.4,567.4
2023-02-22 09:10:00,545,545
2023-02-22 09:15:00,541.95,539.35
2023-02-22 09:20:00,540,539.05
2023-02-22 09:25:00,539.05,539.05
2023-02-22 09:30:00,539.05,539.05
2023-02-22 09:35:00,539.05,539.05
2023-02-22 09:40:00,539.05,539.05
2023-02-22 09:45:00,539.05,539.05
2023-02-22 09:50:00,539.05,539.05
2023-02-22 09:55:00,539.05,539.05
2023-02-22 10:00:00,539.05,539.05
2023-02-22 10:05:00,539.05,539.05
2023-02-22 10:10:00,539.05,539.05
2023-02-22 10:15:00,539.05,539.05
2023-02-22 10:20:00,539.05,539.05
2023-02-22 10:25:00,539.05,539.05
2023-02-22 10:30:00,539.05,539.05
2023-02-22 10:35:00,539.05,539.05
2023-02-22 10:40:00,539.05,539.05
2023-02-22 10:45:00,539.05,539.05
2023-02-22 10:50:00,539.05,539.05
2023-02-22 10:55:00,539.05,539.05
2023-02-22 11:00:00,539.05,539.05
2023-02-22 11:05:00,539.05,539.05
2023-02-22 11:10:00,539.05,539.05
2023-02-22 11:15:00,539.05,539.05
2023-02-22 11:20:00,539.05,539.05
2023-02-22 11:25:00,539.05,539.05
2023-02-22 11:30:00,539.05,539.05
2023-02-22 11:35:00,539.05,539.05
2023-02-22 11:40:00,539.05,539.05
2023-02-22 11:45:00,539.05,539.05
2023-02-22 11:50:00,539.05,539.05
2023-02-22 11:55:00,539.05,539.05
2023-02-22 12:00:00,539.05,539.05
2023-02-22 12:05:00,539.05,539.05
2023-02-22 12:10:00,539.05,539.05
2023-02-22 12:15:00,539.05,539.05
2023-02-22 12:20:00,539.05,539.05
2023-02-22 12:25:00,539.05,539.05
2023-02-22 12:30:00,539.05,539.05
2023-02-22 12:35:00,539.05,539.05
2023-02-22 12:40:00,539.05,539.05
2023-02-22 12:45:00,539.05,539.05
2023-02-22 12:50:00,539.05,539.05
2023-02-22 12:55:00,539.05,539.05
2023-02-22 13:00:00,539.05,539.05
2023-02-22 13:05:00,539.05,539.05
2023-02-22 13:10:00,539.05,539.05
2023-02-22 13:15:00,539.05,539.05
2023-02-22 13:20:00,539.05,539.05
2023-02-22 13:25:00,539.05,539.05
2023-02-22 13:30:00,539.05,539.05
2023-02-22 13:35:00,539.05,539.05
2023-02-22 13:40:00,539.05,539.05
2023-02-22 13:45:00,539.05,539.05
2023-02-22 13:50:00,539.05,539.05
2023-02-22 13:55:00,539.05,539.05
2023-02-22 14:00:00,539.05,539.05
2023-02-22 14:05:00,539.05,539.05
2023-02-22 14:10:00,539.05,539.05
2023-02-22 14:15:00,539.05,539.05
2023-02-22 14:20:00,539.05,539.05
2023-02-22 14:25:00,539.05,539.05
2023-02-22 14:30:00,539.05,539.05
2023-02-22 14:35:00,539.05,539.05
2023-02-22 14:40:00,539.05,539.05
2023-02-22 14:45:00,539.05,539.05
2023-02-22 14:50:00,539.05,539.05
2023-02-22 14:55:00,539.05,539.05
2023-02-22 15:00:00,539.05,539.05
2023-02-22 15:05:00,539.05,539.05
2023-02-22 15:10:00,539.05,539.05
2023-02-22 15:15:00,539.05,539.05
2023-02-22 15:20:00,539.05,539.05
2023-02-22 15:25:00,539.05,539.05
2023-02-22 15:30:00,539.05,539.05
2023-02-22 15:40:00,539.05,539.05
2023-02-22 15:45:00,539.05,539.05
2023-02-22 15:50:00,539.05,539.05
2023-02-22 15:55:00,539.05,539.05
2023-02-22 16:00:00,539.05,539.05
2023-02-23 09:10:00,512.1,512.1
2023-02-23 09:15:00,512.1,512.1
2023-02-23 09:20:00,512.1,512.1
2023-02-23 09:25:00,512.1,512.1
2023-02-23 09:30:00,512.1,512.1
2023-02-23 09:35:00,512.1,512.1
2023-02-23 09:40:00,512.1,512.1
2023-02-23 09:45:00,512.1,512.1
2023-02-23 09:50:00,512.1,512.1
2023-02-23 09:55:00,512.1,512.1
2023-02-23 10:00:00,512.1,512.1
2023-02-23 10:05:00,512.1,512.1
2023-02-23 10:10:00,512.1,512.1
2023-02-23 10:15:00,512.1,512.1
2023-02-23 10:20:00,512.1,512.1
2023-02-23 10:25:00,512.1,512.1
2023-02-23 10:30:00,512.1,512.1
2023-02-23 10:35:00,512.1,512.1
2023-02-23 10:40:00,512.1,512.1
2023-02-23 10:45:00,512.1,512.1
2023-02-23 10:50:00,512.1,512.1
2023-02-23 10:55:00,512.1,512.1
2023-02-23 11:00:00,512.1,512.1
2023-02-23 11:05:00,512.1,512.1
2023-02-23 11:10:00,512.1,512.1
2023-02-23 11:15:00,512.1,512.1
2023-02-23 11:20:00,512.1,512.1
2023-02-23 11:25:00,512.1,512.1
2023-02-23 11:30:00,512.1,512.1
2023-02-23 11:35:00,512.1,512.1
2023-02-23 11:40:00,512.1,512.1
2023-02-23 11:45:00,512.1,512.1
2023-02-23 11:50:00,512.1,512.1
2023-02-23 11:55:00,512.1,512.1
2023-02-23 12:00:00,512.1,512.1
2023-02-23 12:05:00,512.1,512.1
2023-02-23 12:10:00,512.1,512.1
2023-02-23 12:15:00,512.1,512.1
2023-02-23 12:20:00,512.1,512.1
2023-02-23 12:25:00,512.1,512.1
2023-02-23 12:30:00,512.1,512.1
2023-02-23 12:35:00,512.1,512.1
2023-02-23 12:40:00,512.1,512.1
2023-02-23 12:45:00,512.1,512.1
2023-02-23 12:50:00,512.1,512.1
2023-02-23 12:55:00,512.1,512.1
2023-02-23 13:00:00,512.1,512.1
2023-02-23 13:05:00,512.1,512.1
2023-02-23 13:10:00,512.1,512.1
2023-02-23 13:15:00,512.1,512.1
2023-02-23 13:20:00,512.1,512.1
2023-02-23 13:25:00,512.1,512.1
2023-02-23 13:30:00,512.1,512.1
2023-02-23 13:35:00,512.1,512.1
2023-02-23 13:40:00,512.1,512.1
2023-02-23 13:45:00,512.1,512.1
2023-02-23 13:50:00,512.1,512.1
2023-02-23 13:55:00,512.1,512.1
2023-02-23 14:00:00,512.1,512.1
2023-02-23 14:05:00,512.1,512.1
2023-02-23 14:10:00,512.1,512.1
2023-02-23 14:15:00,512.1,512.1
2023-02-23 14:20:00,512.1,512.1
2023-02-23 14:25:00,512.1,512.1
2023-02-23 14:30:00,512.1,512.1
2023-02-23 14:35:00,512.1,512.1
2023-02-23 14:40:00,512.1,512.1
2023-02-23 14:45:00,512.1,512.1
2023-02-23 14:50:00,512.1,512.1
2023-02-23 14:55:00,512.1,512.1
2023-02-23 15:00:00,512.1,512.1
2023-02-23 15:05:00,512.1,512.1
2023-02-23 15:10:00,512.1,512.1
2023-02-23 15:15:00,512.1,512.1
2023-02-23 15:20:00,512.1,512.1
2023-02-23 15:25:00,512.1,512.1
2023-02-23 15:30:00,512.1,512.1
2023-02-23 15:40:00,512.1,512.1
2023-02-23 15:45:00,512.1,512.1
2023-02-23 15:50:00,512.1,512.1
2023-02-23 15:55:00,512.1,512.1
2023-02-23 16:00:00,512.1,512.1
2023-02-24 09:10:00,486.5,486.5
2023-02-24 09:15:00,491.1,494
2023-02-24 09:20:00,493,486.5
2023-02-24 09:25:00,486.5,486.5
2023-02-24 09:30:00,486.5,486.5
2023-02-24 09:35:00,486.5,486.5
2023-02-24 09:40:00,486.5,486.5
2023-02-24 09:45:00,486.5,486.5
2023-02-24 09:50:00,486.5,486.5
2023-02-24 09:55:00,486.5,486.5
2023-02-24 10:00:00,486.5,486.5
2023-02-24 10:05:00,486.5,486.5
2023-02-24 10:10:00,486.5,486.5
2023-02-24 10:15:00,486.5,486.5
2023-02-24 10:20:00,486.5,486.5
2023-02-24 10:25:00,486.5,486.5
2023-02-24 10:30:00,486.5,486.5
2023-02-24 10:35:00,486.5,486.5
2023-02-24 10:40:00,486.5,486.5
2023-02-24 10:45:00,486.5,486.5
2023-02-24 10:50:00,486.5,486.5
2023-02-24 10:55:00,486.5,486.5
2023-02-24 11:00:00,486.5,486.5
2023-02-24 11:05:00,486.5,486.5
2023-02-24 11:10:00,486.5,486.5
2023-02-24 11:15:00,486.5,486.5
2023-02-24 11:20:00,486.5,486.5
2023-02-24 11:25:00,486.5,486.5
2023-02-24 11:30:00,486.5,486.5
2023-02-24 11:35:00,486.5,486.5
2023-02-24 11:40:00,486.5,486.5
2023-02-24 11:45:00,486.5,486.5
2023-02-24 11:50:00,486.5,486.5
2023-02-24 11:55:00,486.5,486.5
2023-02-24 12:00:00,486.5,486.5
2023-02-24 12:05:00,486.5,486.5
2023-02-24 12:10:00,486.5,486.5
2023-02-24 12:15:00,486.5,486.5
2023-02-24 12:20:00,486.5,486.5
2023-02-24 12:25:00,486.5,486.5
2023-02-24 12:30:00,486.5,486.5
2023-02-24 12:35:00,486.5,486.5
2023-02-24 12:40:00,486.5,486.5
2023-02-24 12:45:00,486.5,486.5
2023-02-24 12:50:00,486.5,486.5
2023-02-24 12:55:00,486.5,486.5
2023-02-24 13:00:00,486.5,486.5
2023-02-24 13:05:00,486.5,486.5
2023-02-24 13:10:00,486.5,486.5
2023-02-24 13:15:00,486.5,486.5
2023-02-24 13:20:00,486.5,486.5
2023-02-24 13:25:00,486.5,486.5
2023-02-24 13:30:00,486.5,486.5
2023-02-24 13:35:00,486.5,486.5
2023-02-24 13:40:00,486.5,486.5
2023-02-24 13:45:00,486.5,486.5
2023-02-24 13:50:00,486.5,486.5
2023-02-24 13:55:00,486.5,486.5
2023-02-24 14:00:00,486.5,486.5
2023-02-24 14:05:00,486.5,486.5
2023-02-24 14:10:00,486.5,486.5
2023-02-24 14:15:00,486.5,486.5
2023-02-24 14:20:00,486.5,486.5
2023-02-24 14:25:00,486.5,486.5
2023-02-24 14:30:00,486.5,486.5
2023-02-24 14:35:00,486.5,486.5
2023-02-24 14:40:00,486.5,486.5
2023-02-24 14:45:00,486.5,486.5
2023-02-24 14:50:00,486.5,486.5
2023-02-24 14:55:00,486.5,486.5
2023-02-24 15:00:00,486.5,486.5
2023-02-24 15:05:00,486.5,486.5
2023-02-24 15:10:00,486.5,486.5
2023-02-24 15:15:00,486.5,486.5
2023-02-24 15:20:00,486.5,486.5
2023-02-24 15:25:00,486.5,486.5
2023-02-24 15:30:00,486.5,486.5
2023-02-24 15:40:00,486.5,486.5
2023-02-24 15:45:00,486.5,486.5
2023-02-24 15:50:00,486.5,486.5
2023-02-24 15:55:00,486.5,486.5
2023-02-24 16:00:00,486.5,486.5
